[
  {
    "model": "MainApp.languages",
    "pk": 1,
    "fields": {
      "language_names": "Dutch"
    }
  },
  {
    "model": "MainApp.languages",
    "pk": 2,
    "fields": {
      "language_names": "English"
    }
  },
  {
    "model": "MainApp.languages",
    "pk": 3,
    "fields": {
      "language_names": "Papiamento"
    }
  },
  {
    "model": "MainApp.languages",
    "pk": 4,
    "fields": {
      "language_names": "Spanish"
    }
  },
  {
    "model": "MainApp.languages",
    "pk": 5,
    "fields": {
      "language_names": "Balochi"
    }
  },
  {
    "model": "MainApp.languages",
    "pk": 6,
    "fields": {
      "language_names": "Dari"
    }
  },
  {
    "model": "MainApp.languages",
    "pk": 7,
    "fields": {
      "language_names": "Pashto"
    }
  },
  {
    "model": "MainApp.languages",
    "pk": 8,
    "fields": {
      "language_names": "Turkmenian"
    }
  },
  {
    "model": "MainApp.languages",
    "pk": 9,
    "fields": {
      "language_names": "Uzbek"
    }
  },
  {
    "model": "MainApp.languages",
    "pk": 10,
    "fields": {
      "language_names": "Ambo"
    }
  },
  {
    "model": "MainApp.languages",
    "pk": 11,
    "fields": {
      "language_names": "Chokwe"
    }
  },
  {
    "model": "MainApp.languages",
    "pk": 12,
    "fields": {
      "language_names": "Kongo"
    }
  },
  {
    "model": "MainApp.languages",
    "pk": 13,
    "fields": {
      "language_names": "Luchazi"
    }
  },
  {
    "model": "MainApp.languages",
    "pk": 14,
    "fields": {
      "language_names": "Luimbe-nganguela"
    }
  },
  {
    "model": "MainApp.languages",
    "pk": 15,
    "fields": {
      "language_names": "Luvale"
    }
  },
  {
    "model": "MainApp.languages",
    "pk": 16,
    "fields": {
      "language_names": "Mbundu"
    }
  },
  {
    "model": "MainApp.languages",
    "pk": 17,
    "fields": {
      "language_names": "Nyaneka-nkhumbi"
    }
  },
  {
    "model": "MainApp.languages",
    "pk": 18,
    "fields": {
      "language_names": "Ovimbundu"
    }
  },
  {
    "model": "MainApp.languages",
    "pk": 19,
    "fields": {
      "language_names": "Albaniana"
    }
  },
  {
    "model": "MainApp.languages",
    "pk": 20,
    "fields": {
      "language_names": "Greek"
    }
  },
  {
    "model": "MainApp.languages",
    "pk": 21,
    "fields": {
      "language_names": "Macedonian"
    }
  },
  {
    "model": "MainApp.languages",
    "pk": 22,
    "fields": {
      "language_names": "Catalan"
    }
  },
  {
    "model": "MainApp.languages",
    "pk": 23,
    "fields": {
      "language_names": "French"
    }
  },
  {
    "model": "MainApp.languages",
    "pk": 24,
    "fields": {
      "language_names": "Portuguese"
    }
  },
  {
    "model": "MainApp.languages",
    "pk": 25,
    "fields": {
      "language_names": "Arabic"
    }
  },
  {
    "model": "MainApp.languages",
    "pk": 26,
    "fields": {
      "language_names": "Hindi"
    }
  },
  {
    "model": "MainApp.languages",
    "pk": 27,
    "fields": {
      "language_names": "Indian Languages"
    }
  },
  {
    "model": "MainApp.languages",
    "pk": 28,
    "fields": {
      "language_names": "Italian"
    }
  },
  {
    "model": "MainApp.languages",
    "pk": 29,
    "fields": {
      "language_names": "Armenian"
    }
  },
  {
    "model": "MainApp.languages",
    "pk": 30,
    "fields": {
      "language_names": "Azerbaijani"
    }
  },
  {
    "model": "MainApp.languages",
    "pk": 31,
    "fields": {
      "language_names": "Samoan"
    }
  },
  {
    "model": "MainApp.languages",
    "pk": 32,
    "fields": {
      "language_names": "Tongan"
    }
  },
  {
    "model": "MainApp.languages",
    "pk": 33,
    "fields": {
      "language_names": "Creole English"
    }
  },
  {
    "model": "MainApp.languages",
    "pk": 34,
    "fields": {
      "language_names": "Canton Chinese"
    }
  },
  {
    "model": "MainApp.languages",
    "pk": 35,
    "fields": {
      "language_names": "German"
    }
  },
  {
    "model": "MainApp.languages",
    "pk": 36,
    "fields": {
      "language_names": "Serbo-Croatian"
    }
  },
  {
    "model": "MainApp.languages",
    "pk": 37,
    "fields": {
      "language_names": "Vietnamese"
    }
  },
  {
    "model": "MainApp.languages",
    "pk": 38,
    "fields": {
      "language_names": "Czech"
    }
  },
  {
    "model": "MainApp.languages",
    "pk": 39,
    "fields": {
      "language_names": "Hungarian"
    }
  },
  {
    "model": "MainApp.languages",
    "pk": 40,
    "fields": {
      "language_names": "Polish"
    }
  },
  {
    "model": "MainApp.languages",
    "pk": 41,
    "fields": {
      "language_names": "Romanian"
    }
  },
  {
    "model": "MainApp.languages",
    "pk": 42,
    "fields": {
      "language_names": "Slovene"
    }
  },
  {
    "model": "MainApp.languages",
    "pk": 43,
    "fields": {
      "language_names": "Turkish"
    }
  },
  {
    "model": "MainApp.languages",
    "pk": 44,
    "fields": {
      "language_names": "Lezgian"
    }
  },
  {
    "model": "MainApp.languages",
    "pk": 45,
    "fields": {
      "language_names": "Russian"
    }
  },
  {
    "model": "MainApp.languages",
    "pk": 46,
    "fields": {
      "language_names": "Kirundi"
    }
  },
  {
    "model": "MainApp.languages",
    "pk": 47,
    "fields": {
      "language_names": "Swahili"
    }
  },
  {
    "model": "MainApp.languages",
    "pk": 48,
    "fields": {
      "language_names": "Adja"
    }
  },
  {
    "model": "MainApp.languages",
    "pk": 49,
    "fields": {
      "language_names": "Aizo"
    }
  },
  {
    "model": "MainApp.languages",
    "pk": 50,
    "fields": {
      "language_names": "Bariba"
    }
  },
  {
    "model": "MainApp.languages",
    "pk": 51,
    "fields": {
      "language_names": "Fon"
    }
  },
  {
    "model": "MainApp.languages",
    "pk": 52,
    "fields": {
      "language_names": "Ful"
    }
  },
  {
    "model": "MainApp.languages",
    "pk": 53,
    "fields": {
      "language_names": "Joruba"
    }
  },
  {
    "model": "MainApp.languages",
    "pk": 54,
    "fields": {
      "language_names": "Somba"
    }
  },
  {
    "model": "MainApp.languages",
    "pk": 55,
    "fields": {
      "language_names": "Busansi"
    }
  },
  {
    "model": "MainApp.languages",
    "pk": 56,
    "fields": {
      "language_names": "Dagara"
    }
  },
  {
    "model": "MainApp.languages",
    "pk": 57,
    "fields": {
      "language_names": "Dyula"
    }
  },
  {
    "model": "MainApp.languages",
    "pk": 58,
    "fields": {
      "language_names": "Gurma"
    }
  },
  {
    "model": "MainApp.languages",
    "pk": 59,
    "fields": {
      "language_names": "Mossi"
    }
  },
  {
    "model": "MainApp.languages",
    "pk": 60,
    "fields": {
      "language_names": "Bengali"
    }
  },
  {
    "model": "MainApp.languages",
    "pk": 61,
    "fields": {
      "language_names": "Chakma"
    }
  },
  {
    "model": "MainApp.languages",
    "pk": 62,
    "fields": {
      "language_names": "Garo"
    }
  },
  {
    "model": "MainApp.languages",
    "pk": 63,
    "fields": {
      "language_names": "Khasi"
    }
  },
  {
    "model": "MainApp.languages",
    "pk": 64,
    "fields": {
      "language_names": "Marma"
    }
  },
  {
    "model": "MainApp.languages",
    "pk": 65,
    "fields": {
      "language_names": "Santhali"
    }
  },
  {
    "model": "MainApp.languages",
    "pk": 66,
    "fields": {
      "language_names": "Tripuri"
    }
  },
  {
    "model": "MainApp.languages",
    "pk": 67,
    "fields": {
      "language_names": "Bulgariana"
    }
  },
  {
    "model": "MainApp.languages",
    "pk": 68,
    "fields": {
      "language_names": "Romani"
    }
  },
  {
    "model": "MainApp.languages",
    "pk": 69,
    "fields": {
      "language_names": "Creole French"
    }
  },
  {
    "model": "MainApp.languages",
    "pk": 70,
    "fields": {
      "language_names": "Bosnian"
    }
  },
  {
    "model": "MainApp.languages",
    "pk": 71,
    "fields": {
      "language_names": "Belorussian"
    }
  },
  {
    "model": "MainApp.languages",
    "pk": 72,
    "fields": {
      "language_names": "Ukrainian"
    }
  },
  {
    "model": "MainApp.languages",
    "pk": 73,
    "fields": {
      "language_names": "Garifuna"
    }
  },
  {
    "model": "MainApp.languages",
    "pk": 74,
    "fields": {
      "language_names": "Maya Languages"
    }
  },
  {
    "model": "MainApp.languages",
    "pk": 75,
    "fields": {
      "language_names": "Aimar√°"
    }
  },
  {
    "model": "MainApp.languages",
    "pk": 76,
    "fields": {
      "language_names": "Guaran√≠"
    }
  },
  {
    "model": "MainApp.languages",
    "pk": 77,
    "fields": {
      "language_names": "Ket¬öua"
    }
  },
  {
    "model": "MainApp.languages",
    "pk": 78,
    "fields": {
      "language_names": "Japanese"
    }
  },
  {
    "model": "MainApp.languages",
    "pk": 79,
    "fields": {
      "language_names": "Bajan"
    }
  },
  {
    "model": "MainApp.languages",
    "pk": 80,
    "fields": {
      "language_names": "Chinese"
    }
  },
  {
    "model": "MainApp.languages",
    "pk": 81,
    "fields": {
      "language_names": "Malay"
    }
  },
  {
    "model": "MainApp.languages",
    "pk": 82,
    "fields": {
      "language_names": "Malay-English"
    }
  },
  {
    "model": "MainApp.languages",
    "pk": 83,
    "fields": {
      "language_names": "Asami"
    }
  },
  {
    "model": "MainApp.languages",
    "pk": 84,
    "fields": {
      "language_names": "Dzongkha"
    }
  },
  {
    "model": "MainApp.languages",
    "pk": 85,
    "fields": {
      "language_names": "Nepali"
    }
  },
  {
    "model": "MainApp.languages",
    "pk": 86,
    "fields": {
      "language_names": "Khoekhoe"
    }
  },
  {
    "model": "MainApp.languages",
    "pk": 87,
    "fields": {
      "language_names": "Ndebele"
    }
  },
  {
    "model": "MainApp.languages",
    "pk": 88,
    "fields": {
      "language_names": "San"
    }
  },
  {
    "model": "MainApp.languages",
    "pk": 89,
    "fields": {
      "language_names": "Shona"
    }
  },
  {
    "model": "MainApp.languages",
    "pk": 90,
    "fields": {
      "language_names": "Tswana"
    }
  },
  {
    "model": "MainApp.languages",
    "pk": 91,
    "fields": {
      "language_names": "Banda"
    }
  },
  {
    "model": "MainApp.languages",
    "pk": 92,
    "fields": {
      "language_names": "Gbaya"
    }
  },
  {
    "model": "MainApp.languages",
    "pk": 93,
    "fields": {
      "language_names": "Mandjia"
    }
  },
  {
    "model": "MainApp.languages",
    "pk": 94,
    "fields": {
      "language_names": "Mbum"
    }
  },
  {
    "model": "MainApp.languages",
    "pk": 95,
    "fields": {
      "language_names": "Ngbaka"
    }
  },
  {
    "model": "MainApp.languages",
    "pk": 96,
    "fields": {
      "language_names": "Sara"
    }
  },
  {
    "model": "MainApp.languages",
    "pk": 97,
    "fields": {
      "language_names": "Eskimo Languages"
    }
  },
  {
    "model": "MainApp.languages",
    "pk": 98,
    "fields": {
      "language_names": "Punjabi"
    }
  },
  {
    "model": "MainApp.languages",
    "pk": 99,
    "fields": {
      "language_names": "Romansh"
    }
  },
  {
    "model": "MainApp.languages",
    "pk": 100,
    "fields": {
      "language_names": "Araucan"
    }
  },
  {
    "model": "MainApp.languages",
    "pk": 101,
    "fields": {
      "language_names": "Rapa nui"
    }
  },
  {
    "model": "MainApp.languages",
    "pk": 102,
    "fields": {
      "language_names": "Dong"
    }
  },
  {
    "model": "MainApp.languages",
    "pk": 103,
    "fields": {
      "language_names": "Hui"
    }
  },
  {
    "model": "MainApp.languages",
    "pk": 104,
    "fields": {
      "language_names": "Mant¬öu"
    }
  },
  {
    "model": "MainApp.languages",
    "pk": 105,
    "fields": {
      "language_names": "Miao"
    }
  },
  {
    "model": "MainApp.languages",
    "pk": 106,
    "fields": {
      "language_names": "Mongolian"
    }
  },
  {
    "model": "MainApp.languages",
    "pk": 107,
    "fields": {
      "language_names": "Puyi"
    }
  },
  {
    "model": "MainApp.languages",
    "pk": 108,
    "fields": {
      "language_names": "Tibetan"
    }
  },
  {
    "model": "MainApp.languages",
    "pk": 109,
    "fields": {
      "language_names": "Tujia"
    }
  },
  {
    "model": "MainApp.languages",
    "pk": 110,
    "fields": {
      "language_names": "Uighur"
    }
  },
  {
    "model": "MainApp.languages",
    "pk": 111,
    "fields": {
      "language_names": "Yi"
    }
  },
  {
    "model": "MainApp.languages",
    "pk": 112,
    "fields": {
      "language_names": "Zhuang"
    }
  },
  {
    "model": "MainApp.languages",
    "pk": 113,
    "fields": {
      "language_names": "Akan"
    }
  },
  {
    "model": "MainApp.languages",
    "pk": 114,
    "fields": {
      "language_names": "Gur"
    }
  },
  {
    "model": "MainApp.languages",
    "pk": 115,
    "fields": {
      "language_names": "Kru"
    }
  },
  {
    "model": "MainApp.languages",
    "pk": 116,
    "fields": {
      "language_names": "Malinke"
    }
  },
  {
    "model": "MainApp.languages",
    "pk": 117,
    "fields": {
      "language_names": "[South]Mande"
    }
  },
  {
    "model": "MainApp.languages",
    "pk": 118,
    "fields": {
      "language_names": "Bamileke-bamum"
    }
  },
  {
    "model": "MainApp.languages",
    "pk": 119,
    "fields": {
      "language_names": "Duala"
    }
  },
  {
    "model": "MainApp.languages",
    "pk": 120,
    "fields": {
      "language_names": "Fang"
    }
  },
  {
    "model": "MainApp.languages",
    "pk": 121,
    "fields": {
      "language_names": "Maka"
    }
  },
  {
    "model": "MainApp.languages",
    "pk": 122,
    "fields": {
      "language_names": "Mandara"
    }
  },
  {
    "model": "MainApp.languages",
    "pk": 123,
    "fields": {
      "language_names": "Masana"
    }
  },
  {
    "model": "MainApp.languages",
    "pk": 124,
    "fields": {
      "language_names": "Tikar"
    }
  },
  {
    "model": "MainApp.languages",
    "pk": 125,
    "fields": {
      "language_names": "Lingala"
    }
  },
  {
    "model": "MainApp.languages",
    "pk": 126,
    "fields": {
      "language_names": "Kikongo"
    }
  },
  {
    "model": "MainApp.languages",
    "pk": 127,
    "fields": {
      "language_names": "Tshiluba"
    }
  },
  {
    "model": "MainApp.languages",
    "pk": 128,
    "fields": {
      "language_names": "Mbete"
    }
  },
  {
    "model": "MainApp.languages",
    "pk": 129,
    "fields": {
      "language_names": "Mboshi"
    }
  },
  {
    "model": "MainApp.languages",
    "pk": 130,
    "fields": {
      "language_names": "Punu"
    }
  },
  {
    "model": "MainApp.languages",
    "pk": 131,
    "fields": {
      "language_names": "Sango"
    }
  },
  {
    "model": "MainApp.languages",
    "pk": 132,
    "fields": {
      "language_names": "Teke"
    }
  },
  {
    "model": "MainApp.languages",
    "pk": 133,
    "fields": {
      "language_names": "Maori"
    }
  },
  {
    "model": "MainApp.languages",
    "pk": 134,
    "fields": {
      "language_names": "Arawakan"
    }
  },
  {
    "model": "MainApp.languages",
    "pk": 135,
    "fields": {
      "language_names": "Caribbean"
    }
  },
  {
    "model": "MainApp.languages",
    "pk": 136,
    "fields": {
      "language_names": "Chibcha"
    }
  },
  {
    "model": "MainApp.languages",
    "pk": 137,
    "fields": {
      "language_names": "Comorian"
    }
  },
  {
    "model": "MainApp.languages",
    "pk": 138,
    "fields": {
      "language_names": "Comorian-Arabic"
    }
  },
  {
    "model": "MainApp.languages",
    "pk": 139,
    "fields": {
      "language_names": "Comorian-French"
    }
  },
  {
    "model": "MainApp.languages",
    "pk": 140,
    "fields": {
      "language_names": "Comorian-madagassi"
    }
  },
  {
    "model": "MainApp.languages",
    "pk": 141,
    "fields": {
      "language_names": "Comorian-Swahili"
    }
  },
  {
    "model": "MainApp.languages",
    "pk": 142,
    "fields": {
      "language_names": "Crioulo"
    }
  },
  {
    "model": "MainApp.languages",
    "pk": 143,
    "fields": {
      "language_names": "Moravian"
    }
  },
  {
    "model": "MainApp.languages",
    "pk": 144,
    "fields": {
      "language_names": "Silesiana"
    }
  },
  {
    "model": "MainApp.languages",
    "pk": 145,
    "fields": {
      "language_names": "Slovak"
    }
  },
  {
    "model": "MainApp.languages",
    "pk": 146,
    "fields": {
      "language_names": "Southern Slavic Languages"
    }
  },
  {
    "model": "MainApp.languages",
    "pk": 147,
    "fields": {
      "language_names": "Afar"
    }
  },
  {
    "model": "MainApp.languages",
    "pk": 148,
    "fields": {
      "language_names": "Somali"
    }
  },
  {
    "model": "MainApp.languages",
    "pk": 149,
    "fields": {
      "language_names": "Danish"
    }
  },
  {
    "model": "MainApp.languages",
    "pk": 150,
    "fields": {
      "language_names": "Norwegian"
    }
  },
  {
    "model": "MainApp.languages",
    "pk": 151,
    "fields": {
      "language_names": "Swedish"
    }
  },
  {
    "model": "MainApp.languages",
    "pk": 152,
    "fields": {
      "language_names": "Berberi"
    }
  },
  {
    "model": "MainApp.languages",
    "pk": 153,
    "fields": {
      "language_names": "Sinaberberi"
    }
  },
  {
    "model": "MainApp.languages",
    "pk": 154,
    "fields": {
      "language_names": "Bilin"
    }
  },
  {
    "model": "MainApp.languages",
    "pk": 155,
    "fields": {
      "language_names": "Hadareb"
    }
  },
  {
    "model": "MainApp.languages",
    "pk": 156,
    "fields": {
      "language_names": "Saho"
    }
  },
  {
    "model": "MainApp.languages",
    "pk": 157,
    "fields": {
      "language_names": "Tigre"
    }
  },
  {
    "model": "MainApp.languages",
    "pk": 158,
    "fields": {
      "language_names": "Tigrigna"
    }
  },
  {
    "model": "MainApp.languages",
    "pk": 159,
    "fields": {
      "language_names": "Basque"
    }
  },
  {
    "model": "MainApp.languages",
    "pk": 160,
    "fields": {
      "language_names": "Galecian"
    }
  },
  {
    "model": "MainApp.languages",
    "pk": 161,
    "fields": {
      "language_names": "Estonian"
    }
  },
  {
    "model": "MainApp.languages",
    "pk": 162,
    "fields": {
      "language_names": "Finnish"
    }
  },
  {
    "model": "MainApp.languages",
    "pk": 163,
    "fields": {
      "language_names": "Amharic"
    }
  },
  {
    "model": "MainApp.languages",
    "pk": 164,
    "fields": {
      "language_names": "Gurage"
    }
  },
  {
    "model": "MainApp.languages",
    "pk": 165,
    "fields": {
      "language_names": "Oromo"
    }
  },
  {
    "model": "MainApp.languages",
    "pk": 166,
    "fields": {
      "language_names": "Sidamo"
    }
  },
  {
    "model": "MainApp.languages",
    "pk": 167,
    "fields": {
      "language_names": "Walaita"
    }
  },
  {
    "model": "MainApp.languages",
    "pk": 168,
    "fields": {
      "language_names": "Saame"
    }
  },
  {
    "model": "MainApp.languages",
    "pk": 169,
    "fields": {
      "language_names": "Fijian"
    }
  },
  {
    "model": "MainApp.languages",
    "pk": 170,
    "fields": {
      "language_names": "Faroese"
    }
  },
  {
    "model": "MainApp.languages",
    "pk": 171,
    "fields": {
      "language_names": "Kosrean"
    }
  },
  {
    "model": "MainApp.languages",
    "pk": 172,
    "fields": {
      "language_names": "Mortlock"
    }
  },
  {
    "model": "MainApp.languages",
    "pk": 173,
    "fields": {
      "language_names": "Pohnpei"
    }
  },
  {
    "model": "MainApp.languages",
    "pk": 174,
    "fields": {
      "language_names": "Trukese"
    }
  },
  {
    "model": "MainApp.languages",
    "pk": 175,
    "fields": {
      "language_names": "Wolea"
    }
  },
  {
    "model": "MainApp.languages",
    "pk": 176,
    "fields": {
      "language_names": "Yap"
    }
  },
  {
    "model": "MainApp.languages",
    "pk": 177,
    "fields": {
      "language_names": "Mpongwe"
    }
  },
  {
    "model": "MainApp.languages",
    "pk": 178,
    "fields": {
      "language_names": "Punu-sira-nzebi"
    }
  },
  {
    "model": "MainApp.languages",
    "pk": 179,
    "fields": {
      "language_names": "Gaeli"
    }
  },
  {
    "model": "MainApp.languages",
    "pk": 180,
    "fields": {
      "language_names": "Kymri"
    }
  },
  {
    "model": "MainApp.languages",
    "pk": 181,
    "fields": {
      "language_names": "Abhyasi"
    }
  },
  {
    "model": "MainApp.languages",
    "pk": 182,
    "fields": {
      "language_names": "Georgiana"
    }
  },
  {
    "model": "MainApp.languages",
    "pk": 183,
    "fields": {
      "language_names": "Osseetti"
    }
  },
  {
    "model": "MainApp.languages",
    "pk": 184,
    "fields": {
      "language_names": "Ewe"
    }
  },
  {
    "model": "MainApp.languages",
    "pk": 185,
    "fields": {
      "language_names": "Ga-adangme"
    }
  },
  {
    "model": "MainApp.languages",
    "pk": 186,
    "fields": {
      "language_names": "Kissi"
    }
  },
  {
    "model": "MainApp.languages",
    "pk": 187,
    "fields": {
      "language_names": "Kpelle"
    }
  },
  {
    "model": "MainApp.languages",
    "pk": 188,
    "fields": {
      "language_names": "Loma"
    }
  },
  {
    "model": "MainApp.languages",
    "pk": 189,
    "fields": {
      "language_names": "Susu"
    }
  },
  {
    "model": "MainApp.languages",
    "pk": 190,
    "fields": {
      "language_names": "Yalunka"
    }
  },
  {
    "model": "MainApp.languages",
    "pk": 191,
    "fields": {
      "language_names": "Diola"
    }
  },
  {
    "model": "MainApp.languages",
    "pk": 192,
    "fields": {
      "language_names": "Soninke"
    }
  },
  {
    "model": "MainApp.languages",
    "pk": 193,
    "fields": {
      "language_names": "Wolof"
    }
  },
  {
    "model": "MainApp.languages",
    "pk": 194,
    "fields": {
      "language_names": "Balante"
    }
  },
  {
    "model": "MainApp.languages",
    "pk": 195,
    "fields": {
      "language_names": "Mandyako"
    }
  },
  {
    "model": "MainApp.languages",
    "pk": 196,
    "fields": {
      "language_names": "Bubi"
    }
  },
  {
    "model": "MainApp.languages",
    "pk": 197,
    "fields": {
      "language_names": "Greenlandic"
    }
  },
  {
    "model": "MainApp.languages",
    "pk": 198,
    "fields": {
      "language_names": "Cakchiquel"
    }
  },
  {
    "model": "MainApp.languages",
    "pk": 199,
    "fields": {
      "language_names": "Kekch√≠"
    }
  },
  {
    "model": "MainApp.languages",
    "pk": 200,
    "fields": {
      "language_names": "Mam"
    }
  },
  {
    "model": "MainApp.languages",
    "pk": 201,
    "fields": {
      "language_names": "Quich√©"
    }
  },
  {
    "model": "MainApp.languages",
    "pk": 202,
    "fields": {
      "language_names": "Chamorro"
    }
  },
  {
    "model": "MainApp.languages",
    "pk": 203,
    "fields": {
      "language_names": "Korean"
    }
  },
  {
    "model": "MainApp.languages",
    "pk": 204,
    "fields": {
      "language_names": "Philippene Languages"
    }
  },
  {
    "model": "MainApp.languages",
    "pk": 205,
    "fields": {
      "language_names": "Chiu chau"
    }
  },
  {
    "model": "MainApp.languages",
    "pk": 206,
    "fields": {
      "language_names": "Fukien"
    }
  },
  {
    "model": "MainApp.languages",
    "pk": 207,
    "fields": {
      "language_names": "Hakka"
    }
  },
  {
    "model": "MainApp.languages",
    "pk": 208,
    "fields": {
      "language_names": "Miskito"
    }
  },
  {
    "model": "MainApp.languages",
    "pk": 209,
    "fields": {
      "language_names": "Haiti Creole"
    }
  },
  {
    "model": "MainApp.languages",
    "pk": 210,
    "fields": {
      "language_names": "Bahasa"
    }
  },
  {
    "model": "MainApp.languages",
    "pk": 211,
    "fields": {
      "language_names": "Bali"
    }
  },
  {
    "model": "MainApp.languages",
    "pk": 212,
    "fields": {
      "language_names": "Banja"
    }
  },
  {
    "model": "MainApp.languages",
    "pk": 213,
    "fields": {
      "language_names": "Batakki"
    }
  },
  {
    "model": "MainApp.languages",
    "pk": 214,
    "fields": {
      "language_names": "Bugi"
    }
  },
  {
    "model": "MainApp.languages",
    "pk": 215,
    "fields": {
      "language_names": "Javanese"
    }
  },
  {
    "model": "MainApp.languages",
    "pk": 216,
    "fields": {
      "language_names": "Madura"
    }
  },
  {
    "model": "MainApp.languages",
    "pk": 217,
    "fields": {
      "language_names": "Minangkabau"
    }
  },
  {
    "model": "MainApp.languages",
    "pk": 218,
    "fields": {
      "language_names": "Sunda"
    }
  },
  {
    "model": "MainApp.languages",
    "pk": 219,
    "fields": {
      "language_names": "Gujarati"
    }
  },
  {
    "model": "MainApp.languages",
    "pk": 220,
    "fields": {
      "language_names": "Kannada"
    }
  },
  {
    "model": "MainApp.languages",
    "pk": 221,
    "fields": {
      "language_names": "Malayalam"
    }
  },
  {
    "model": "MainApp.languages",
    "pk": 222,
    "fields": {
      "language_names": "Marathi"
    }
  },
  {
    "model": "MainApp.languages",
    "pk": 223,
    "fields": {
      "language_names": "Odia"
    }
  },
  {
    "model": "MainApp.languages",
    "pk": 224,
    "fields": {
      "language_names": "Tamil"
    }
  },
  {
    "model": "MainApp.languages",
    "pk": 225,
    "fields": {
      "language_names": "Telugu"
    }
  },
  {
    "model": "MainApp.languages",
    "pk": 226,
    "fields": {
      "language_names": "Urdu"
    }
  },
  {
    "model": "MainApp.languages",
    "pk": 227,
    "fields": {
      "language_names": "Sanskrit"
    }
  },
  {
    "model": "MainApp.languages",
    "pk": 228,
    "fields": {
      "language_names": "Konkani"
    }
  },
  {
    "model": "MainApp.languages",
    "pk": 229,
    "fields": {
      "language_names": "Bodo"
    }
  },
  {
    "model": "MainApp.languages",
    "pk": 230,
    "fields": {
      "language_names": "Kashmiri"
    }
  },
  {
    "model": "MainApp.languages",
    "pk": 231,
    "fields": {
      "language_names": "Maithili"
    }
  },
  {
    "model": "MainApp.languages",
    "pk": 232,
    "fields": {
      "language_names": "Santali"
    }
  },
  {
    "model": "MainApp.languages",
    "pk": 233,
    "fields": {
      "language_names": "Sindhi"
    }
  },
  {
    "model": "MainApp.languages",
    "pk": 234,
    "fields": {
      "language_names": "Irish"
    }
  },
  {
    "model": "MainApp.languages",
    "pk": 235,
    "fields": {
      "language_names": "Bakhtyari"
    }
  },
  {
    "model": "MainApp.languages",
    "pk": 236,
    "fields": {
      "language_names": "Gilaki"
    }
  },
  {
    "model": "MainApp.languages",
    "pk": 237,
    "fields": {
      "language_names": "Kurdish"
    }
  },
  {
    "model": "MainApp.languages",
    "pk": 238,
    "fields": {
      "language_names": "Luri"
    }
  },
  {
    "model": "MainApp.languages",
    "pk": 239,
    "fields": {
      "language_names": "Mazandarani"
    }
  },
  {
    "model": "MainApp.languages",
    "pk": 240,
    "fields": {
      "language_names": "Persian"
    }
  },
  {
    "model": "MainApp.languages",
    "pk": 241,
    "fields": {
      "language_names": "Assyrian"
    }
  },
  {
    "model": "MainApp.languages",
    "pk": 242,
    "fields": {
      "language_names": "Icelandic"
    }
  },
  {
    "model": "MainApp.languages",
    "pk": 243,
    "fields": {
      "language_names": "Hebrew"
    }
  },
  {
    "model": "MainApp.languages",
    "pk": 244,
    "fields": {
      "language_names": "Friuli"
    }
  },
  {
    "model": "MainApp.languages",
    "pk": 245,
    "fields": {
      "language_names": "Sardinian"
    }
  },
  {
    "model": "MainApp.languages",
    "pk": 246,
    "fields": {
      "language_names": "Circassian"
    }
  },
  {
    "model": "MainApp.languages",
    "pk": 247,
    "fields": {
      "language_names": "Ainu"
    }
  },
  {
    "model": "MainApp.languages",
    "pk": 248,
    "fields": {
      "language_names": "Kazakh"
    }
  },
  {
    "model": "MainApp.languages",
    "pk": 249,
    "fields": {
      "language_names": "Tatar"
    }
  },
  {
    "model": "MainApp.languages",
    "pk": 250,
    "fields": {
      "language_names": "Gusii"
    }
  },
  {
    "model": "MainApp.languages",
    "pk": 251,
    "fields": {
      "language_names": "Kalenjin"
    }
  },
  {
    "model": "MainApp.languages",
    "pk": 252,
    "fields": {
      "language_names": "Kamba"
    }
  },
  {
    "model": "MainApp.languages",
    "pk": 253,
    "fields": {
      "language_names": "Kikuyu"
    }
  },
  {
    "model": "MainApp.languages",
    "pk": 254,
    "fields": {
      "language_names": "Luhya"
    }
  },
  {
    "model": "MainApp.languages",
    "pk": 255,
    "fields": {
      "language_names": "Luo"
    }
  },
  {
    "model": "MainApp.languages",
    "pk": 256,
    "fields": {
      "language_names": "Masai"
    }
  },
  {
    "model": "MainApp.languages",
    "pk": 257,
    "fields": {
      "language_names": "Meru"
    }
  },
  {
    "model": "MainApp.languages",
    "pk": 258,
    "fields": {
      "language_names": "Nyika"
    }
  },
  {
    "model": "MainApp.languages",
    "pk": 259,
    "fields": {
      "language_names": "Turkana"
    }
  },
  {
    "model": "MainApp.languages",
    "pk": 260,
    "fields": {
      "language_names": "Kirgiz"
    }
  },
  {
    "model": "MainApp.languages",
    "pk": 261,
    "fields": {
      "language_names": "Tadzhik"
    }
  },
  {
    "model": "MainApp.languages",
    "pk": 262,
    "fields": {
      "language_names": "Khmer"
    }
  },
  {
    "model": "MainApp.languages",
    "pk": 263,
    "fields": {
      "language_names": "T¬öam"
    }
  },
  {
    "model": "MainApp.languages",
    "pk": 264,
    "fields": {
      "language_names": "Kiribati"
    }
  },
  {
    "model": "MainApp.languages",
    "pk": 265,
    "fields": {
      "language_names": "Tuvalu"
    }
  },
  {
    "model": "MainApp.languages",
    "pk": 266,
    "fields": {
      "language_names": "Lao"
    }
  },
  {
    "model": "MainApp.languages",
    "pk": 267,
    "fields": {
      "language_names": "Lao-Soung"
    }
  },
  {
    "model": "MainApp.languages",
    "pk": 268,
    "fields": {
      "language_names": "Mon-khmer"
    }
  },
  {
    "model": "MainApp.languages",
    "pk": 269,
    "fields": {
      "language_names": "Thai"
    }
  },
  {
    "model": "MainApp.languages",
    "pk": 270,
    "fields": {
      "language_names": "Bassa"
    }
  },
  {
    "model": "MainApp.languages",
    "pk": 271,
    "fields": {
      "language_names": "Gio"
    }
  },
  {
    "model": "MainApp.languages",
    "pk": 272,
    "fields": {
      "language_names": "Grebo"
    }
  },
  {
    "model": "MainApp.languages",
    "pk": 273,
    "fields": {
      "language_names": "Mano"
    }
  },
  {
    "model": "MainApp.languages",
    "pk": 274,
    "fields": {
      "language_names": "Mixed Languages"
    }
  },
  {
    "model": "MainApp.languages",
    "pk": 275,
    "fields": {
      "language_names": "Singali"
    }
  },
  {
    "model": "MainApp.languages",
    "pk": 276,
    "fields": {
      "language_names": "Sotho"
    }
  },
  {
    "model": "MainApp.languages",
    "pk": 277,
    "fields": {
      "language_names": "Zulu"
    }
  },
  {
    "model": "MainApp.languages",
    "pk": 278,
    "fields": {
      "language_names": "Lithuanian"
    }
  },
  {
    "model": "MainApp.languages",
    "pk": 279,
    "fields": {
      "language_names": "Luxembourgish"
    }
  },
  {
    "model": "MainApp.languages",
    "pk": 280,
    "fields": {
      "language_names": "Latvian"
    }
  },
  {
    "model": "MainApp.languages",
    "pk": 281,
    "fields": {
      "language_names": "Mandarin Chinese"
    }
  },
  {
    "model": "MainApp.languages",
    "pk": 282,
    "fields": {
      "language_names": "Monegasque"
    }
  },
  {
    "model": "MainApp.languages",
    "pk": 283,
    "fields": {
      "language_names": "Gagauzi"
    }
  },
  {
    "model": "MainApp.languages",
    "pk": 284,
    "fields": {
      "language_names": "Malagasy"
    }
  },
  {
    "model": "MainApp.languages",
    "pk": 285,
    "fields": {
      "language_names": "Dhivehi"
    }
  },
  {
    "model": "MainApp.languages",
    "pk": 286,
    "fields": {
      "language_names": "Mixtec"
    }
  },
  {
    "model": "MainApp.languages",
    "pk": 287,
    "fields": {
      "language_names": "N√°huatl"
    }
  },
  {
    "model": "MainApp.languages",
    "pk": 288,
    "fields": {
      "language_names": "Otom√≠"
    }
  },
  {
    "model": "MainApp.languages",
    "pk": 289,
    "fields": {
      "language_names": "Yucatec"
    }
  },
  {
    "model": "MainApp.languages",
    "pk": 290,
    "fields": {
      "language_names": "Zapotec"
    }
  },
  {
    "model": "MainApp.languages",
    "pk": 291,
    "fields": {
      "language_names": "Marshallese"
    }
  },
  {
    "model": "MainApp.languages",
    "pk": 292,
    "fields": {
      "language_names": "Bambara"
    }
  },
  {
    "model": "MainApp.languages",
    "pk": 293,
    "fields": {
      "language_names": "Senufo and Minianka"
    }
  },
  {
    "model": "MainApp.languages",
    "pk": 294,
    "fields": {
      "language_names": "Songhai"
    }
  },
  {
    "model": "MainApp.languages",
    "pk": 295,
    "fields": {
      "language_names": "Tamashek"
    }
  },
  {
    "model": "MainApp.languages",
    "pk": 296,
    "fields": {
      "language_names": "Maltese"
    }
  },
  {
    "model": "MainApp.languages",
    "pk": 297,
    "fields": {
      "language_names": "Burmese"
    }
  },
  {
    "model": "MainApp.languages",
    "pk": 298,
    "fields": {
      "language_names": "Chin"
    }
  },
  {
    "model": "MainApp.languages",
    "pk": 299,
    "fields": {
      "language_names": "Kachin"
    }
  },
  {
    "model": "MainApp.languages",
    "pk": 300,
    "fields": {
      "language_names": "Karen"
    }
  },
  {
    "model": "MainApp.languages",
    "pk": 301,
    "fields": {
      "language_names": "Kayah"
    }
  },
  {
    "model": "MainApp.languages",
    "pk": 302,
    "fields": {
      "language_names": "Mon"
    }
  },
  {
    "model": "MainApp.languages",
    "pk": 303,
    "fields": {
      "language_names": "Rakhine"
    }
  },
  {
    "model": "MainApp.languages",
    "pk": 304,
    "fields": {
      "language_names": "Shan"
    }
  },
  {
    "model": "MainApp.languages",
    "pk": 305,
    "fields": {
      "language_names": "Bajad"
    }
  },
  {
    "model": "MainApp.languages",
    "pk": 306,
    "fields": {
      "language_names": "Buryat"
    }
  },
  {
    "model": "MainApp.languages",
    "pk": 307,
    "fields": {
      "language_names": "Dariganga"
    }
  },
  {
    "model": "MainApp.languages",
    "pk": 308,
    "fields": {
      "language_names": "Dorbet"
    }
  },
  {
    "model": "MainApp.languages",
    "pk": 309,
    "fields": {
      "language_names": "Carolinian"
    }
  },
  {
    "model": "MainApp.languages",
    "pk": 310,
    "fields": {
      "language_names": "Chuabo"
    }
  },
  {
    "model": "MainApp.languages",
    "pk": 311,
    "fields": {
      "language_names": "Lomwe"
    }
  },
  {
    "model": "MainApp.languages",
    "pk": 312,
    "fields": {
      "language_names": "Makua"
    }
  },
  {
    "model": "MainApp.languages",
    "pk": 313,
    "fields": {
      "language_names": "Marendje"
    }
  },
  {
    "model": "MainApp.languages",
    "pk": 314,
    "fields": {
      "language_names": "Nyanja"
    }
  },
  {
    "model": "MainApp.languages",
    "pk": 315,
    "fields": {
      "language_names": "Ronga"
    }
  },
  {
    "model": "MainApp.languages",
    "pk": 316,
    "fields": {
      "language_names": "Sena"
    }
  },
  {
    "model": "MainApp.languages",
    "pk": 317,
    "fields": {
      "language_names": "Tsonga"
    }
  },
  {
    "model": "MainApp.languages",
    "pk": 318,
    "fields": {
      "language_names": "Tswa"
    }
  },
  {
    "model": "MainApp.languages",
    "pk": 319,
    "fields": {
      "language_names": "Hassaniya"
    }
  },
  {
    "model": "MainApp.languages",
    "pk": 320,
    "fields": {
      "language_names": "Tukulor"
    }
  },
  {
    "model": "MainApp.languages",
    "pk": 321,
    "fields": {
      "language_names": "Zenaga"
    }
  },
  {
    "model": "MainApp.languages",
    "pk": 322,
    "fields": {
      "language_names": "Bhojpuri"
    }
  },
  {
    "model": "MainApp.languages",
    "pk": 323,
    "fields": {
      "language_names": "Chichewa"
    }
  },
  {
    "model": "MainApp.languages",
    "pk": 324,
    "fields": {
      "language_names": "Ngoni"
    }
  },
  {
    "model": "MainApp.languages",
    "pk": 325,
    "fields": {
      "language_names": "Yao"
    }
  },
  {
    "model": "MainApp.languages",
    "pk": 326,
    "fields": {
      "language_names": "Dusun"
    }
  },
  {
    "model": "MainApp.languages",
    "pk": 327,
    "fields": {
      "language_names": "Iban"
    }
  },
  {
    "model": "MainApp.languages",
    "pk": 328,
    "fields": {
      "language_names": "Mahor√©"
    }
  },
  {
    "model": "MainApp.languages",
    "pk": 329,
    "fields": {
      "language_names": "Afrikaans"
    }
  },
  {
    "model": "MainApp.languages",
    "pk": 330,
    "fields": {
      "language_names": "Caprivi"
    }
  },
  {
    "model": "MainApp.languages",
    "pk": 331,
    "fields": {
      "language_names": "Herero"
    }
  },
  {
    "model": "MainApp.languages",
    "pk": 332,
    "fields": {
      "language_names": "Kavango"
    }
  },
  {
    "model": "MainApp.languages",
    "pk": 333,
    "fields": {
      "language_names": "Nama"
    }
  },
  {
    "model": "MainApp.languages",
    "pk": 334,
    "fields": {
      "language_names": "Ovambo"
    }
  },
  {
    "model": "MainApp.languages",
    "pk": 335,
    "fields": {
      "language_names": "Malenasian Languages"
    }
  },
  {
    "model": "MainApp.languages",
    "pk": 336,
    "fields": {
      "language_names": "Polynesian Languages"
    }
  },
  {
    "model": "MainApp.languages",
    "pk": 337,
    "fields": {
      "language_names": "Hausa"
    }
  },
  {
    "model": "MainApp.languages",
    "pk": 338,
    "fields": {
      "language_names": "Kanuri"
    }
  },
  {
    "model": "MainApp.languages",
    "pk": 339,
    "fields": {
      "language_names": "Songhai-zerma"
    }
  },
  {
    "model": "MainApp.languages",
    "pk": 340,
    "fields": {
      "language_names": "Bura"
    }
  },
  {
    "model": "MainApp.languages",
    "pk": 341,
    "fields": {
      "language_names": "Edo"
    }
  },
  {
    "model": "MainApp.languages",
    "pk": 342,
    "fields": {
      "language_names": "Ibibio"
    }
  },
  {
    "model": "MainApp.languages",
    "pk": 343,
    "fields": {
      "language_names": "Ibo"
    }
  },
  {
    "model": "MainApp.languages",
    "pk": 344,
    "fields": {
      "language_names": "Ijo"
    }
  },
  {
    "model": "MainApp.languages",
    "pk": 345,
    "fields": {
      "language_names": "Yoruba"
    }
  },
  {
    "model": "MainApp.languages",
    "pk": 346,
    "fields": {
      "language_names": "Tiv"
    }
  },
  {
    "model": "MainApp.languages",
    "pk": 347,
    "fields": {
      "language_names": "Sumo"
    }
  },
  {
    "model": "MainApp.languages",
    "pk": 348,
    "fields": {
      "language_names": "Niue"
    }
  },
  {
    "model": "MainApp.languages",
    "pk": 349,
    "fields": {
      "language_names": "Fries"
    }
  },
  {
    "model": "MainApp.languages",
    "pk": 350,
    "fields": {
      "language_names": "Newari"
    }
  },
  {
    "model": "MainApp.languages",
    "pk": 351,
    "fields": {
      "language_names": "Tamang"
    }
  },
  {
    "model": "MainApp.languages",
    "pk": 352,
    "fields": {
      "language_names": "Tharu"
    }
  },
  {
    "model": "MainApp.languages",
    "pk": 353,
    "fields": {
      "language_names": "Nauru"
    }
  },
  {
    "model": "MainApp.languages",
    "pk": 354,
    "fields": {
      "language_names": "Brahui"
    }
  },
  {
    "model": "MainApp.languages",
    "pk": 355,
    "fields": {
      "language_names": "Hindko"
    }
  },
  {
    "model": "MainApp.languages",
    "pk": 356,
    "fields": {
      "language_names": "Saraiki"
    }
  },
  {
    "model": "MainApp.languages",
    "pk": 357,
    "fields": {
      "language_names": "Cuna"
    }
  },
  {
    "model": "MainApp.languages",
    "pk": 358,
    "fields": {
      "language_names": "Embera"
    }
  },
  {
    "model": "MainApp.languages",
    "pk": 359,
    "fields": {
      "language_names": "Guaym√≠"
    }
  },
  {
    "model": "MainApp.languages",
    "pk": 360,
    "fields": {
      "language_names": "Pitcairnese"
    }
  },
  {
    "model": "MainApp.languages",
    "pk": 361,
    "fields": {
      "language_names": "Bicol"
    }
  },
  {
    "model": "MainApp.languages",
    "pk": 362,
    "fields": {
      "language_names": "Cebuano"
    }
  },
  {
    "model": "MainApp.languages",
    "pk": 363,
    "fields": {
      "language_names": "Hiligaynon"
    }
  },
  {
    "model": "MainApp.languages",
    "pk": 364,
    "fields": {
      "language_names": "Ilocano"
    }
  },
  {
    "model": "MainApp.languages",
    "pk": 365,
    "fields": {
      "language_names": "Maguindanao"
    }
  },
  {
    "model": "MainApp.languages",
    "pk": 366,
    "fields": {
      "language_names": "Maranao"
    }
  },
  {
    "model": "MainApp.languages",
    "pk": 367,
    "fields": {
      "language_names": "Pampango"
    }
  },
  {
    "model": "MainApp.languages",
    "pk": 368,
    "fields": {
      "language_names": "Pangasinan"
    }
  },
  {
    "model": "MainApp.languages",
    "pk": 369,
    "fields": {
      "language_names": "Pilipino"
    }
  },
  {
    "model": "MainApp.languages",
    "pk": 370,
    "fields": {
      "language_names": "Waray-waray"
    }
  },
  {
    "model": "MainApp.languages",
    "pk": 371,
    "fields": {
      "language_names": "Palau"
    }
  },
  {
    "model": "MainApp.languages",
    "pk": 372,
    "fields": {
      "language_names": "Papuan Languages"
    }
  },
  {
    "model": "MainApp.languages",
    "pk": 373,
    "fields": {
      "language_names": "Tahitian"
    }
  },
  {
    "model": "MainApp.languages",
    "pk": 374,
    "fields": {
      "language_names": "Avarian"
    }
  },
  {
    "model": "MainApp.languages",
    "pk": 375,
    "fields": {
      "language_names": "Bashkir"
    }
  },
  {
    "model": "MainApp.languages",
    "pk": 376,
    "fields": {
      "language_names": "Chechen"
    }
  },
  {
    "model": "MainApp.languages",
    "pk": 377,
    "fields": {
      "language_names": "Chuvash"
    }
  },
  {
    "model": "MainApp.languages",
    "pk": 378,
    "fields": {
      "language_names": "Mari"
    }
  },
  {
    "model": "MainApp.languages",
    "pk": 379,
    "fields": {
      "language_names": "Mordva"
    }
  },
  {
    "model": "MainApp.languages",
    "pk": 380,
    "fields": {
      "language_names": "Udmur"
    }
  },
  {
    "model": "MainApp.languages",
    "pk": 381,
    "fields": {
      "language_names": "Rwanda"
    }
  },
  {
    "model": "MainApp.languages",
    "pk": 382,
    "fields": {
      "language_names": "Bari"
    }
  },
  {
    "model": "MainApp.languages",
    "pk": 383,
    "fields": {
      "language_names": "Beja"
    }
  },
  {
    "model": "MainApp.languages",
    "pk": 384,
    "fields": {
      "language_names": "Chilluk"
    }
  },
  {
    "model": "MainApp.languages",
    "pk": 385,
    "fields": {
      "language_names": "Dinka"
    }
  },
  {
    "model": "MainApp.languages",
    "pk": 386,
    "fields": {
      "language_names": "Fur"
    }
  },
  {
    "model": "MainApp.languages",
    "pk": 387,
    "fields": {
      "language_names": "Lotuko"
    }
  },
  {
    "model": "MainApp.languages",
    "pk": 388,
    "fields": {
      "language_names": "Nubian Languages"
    }
  },
  {
    "model": "MainApp.languages",
    "pk": 389,
    "fields": {
      "language_names": "Nuer"
    }
  },
  {
    "model": "MainApp.languages",
    "pk": 390,
    "fields": {
      "language_names": "Zande"
    }
  },
  {
    "model": "MainApp.languages",
    "pk": 391,
    "fields": {
      "language_names": "Serer"
    }
  },
  {
    "model": "MainApp.languages",
    "pk": 392,
    "fields": {
      "language_names": "Serbian"
    }
  },
  {
    "model": "MainApp.languages",
    "pk": 393,
    "fields": {
      "language_names": "Croatian"
    }
  },
  {
    "model": "MainApp.languages",
    "pk": 394,
    "fields": {
      "language_names": "Rusyn"
    }
  },
  {
    "model": "MainApp.languages",
    "pk": 395,
    "fields": {
      "language_names": "Albanian"
    }
  },
  {
    "model": "MainApp.languages",
    "pk": 396,
    "fields": {
      "language_names": "Bulgarian"
    }
  },
  {
    "model": "MainApp.languages",
    "pk": 397,
    "fields": {
      "language_names": "Bullom-sherbro"
    }
  },
  {
    "model": "MainApp.languages",
    "pk": 398,
    "fields": {
      "language_names": "Kono-vai"
    }
  },
  {
    "model": "MainApp.languages",
    "pk": 399,
    "fields": {
      "language_names": "Kuranko"
    }
  },
  {
    "model": "MainApp.languages",
    "pk": 400,
    "fields": {
      "language_names": "Limba"
    }
  },
  {
    "model": "MainApp.languages",
    "pk": 401,
    "fields": {
      "language_names": "Mende"
    }
  },
  {
    "model": "MainApp.languages",
    "pk": 402,
    "fields": {
      "language_names": "Temne"
    }
  },
  {
    "model": "MainApp.languages",
    "pk": 403,
    "fields": {
      "language_names": "Nahua"
    }
  },
  {
    "model": "MainApp.languages",
    "pk": 404,
    "fields": {
      "language_names": "Sranantonga"
    }
  },
  {
    "model": "MainApp.languages",
    "pk": 405,
    "fields": {
      "language_names": "Czech and Moravian"
    }
  },
  {
    "model": "MainApp.languages",
    "pk": 406,
    "fields": {
      "language_names": "Ukrainian and Russian"
    }
  },
  {
    "model": "MainApp.languages",
    "pk": 407,
    "fields": {
      "language_names": "Swazi"
    }
  },
  {
    "model": "MainApp.languages",
    "pk": 408,
    "fields": {
      "language_names": "Seselwa"
    }
  },
  {
    "model": "MainApp.languages",
    "pk": 409,
    "fields": {
      "language_names": "Gorane"
    }
  },
  {
    "model": "MainApp.languages",
    "pk": 410,
    "fields": {
      "language_names": "Hadjarai"
    }
  },
  {
    "model": "MainApp.languages",
    "pk": 411,
    "fields": {
      "language_names": "Kanem-bornu"
    }
  },
  {
    "model": "MainApp.languages",
    "pk": 412,
    "fields": {
      "language_names": "Mayo-kebbi"
    }
  },
  {
    "model": "MainApp.languages",
    "pk": 413,
    "fields": {
      "language_names": "Ouaddai"
    }
  },
  {
    "model": "MainApp.languages",
    "pk": 414,
    "fields": {
      "language_names": "Tandjile"
    }
  },
  {
    "model": "MainApp.languages",
    "pk": 415,
    "fields": {
      "language_names": "Ane"
    }
  },
  {
    "model": "MainApp.languages",
    "pk": 416,
    "fields": {
      "language_names": "Kaby√©"
    }
  },
  {
    "model": "MainApp.languages",
    "pk": 417,
    "fields": {
      "language_names": "Kotokoli"
    }
  },
  {
    "model": "MainApp.languages",
    "pk": 418,
    "fields": {
      "language_names": "Moba"
    }
  },
  {
    "model": "MainApp.languages",
    "pk": 419,
    "fields": {
      "language_names": "Naudemba"
    }
  },
  {
    "model": "MainApp.languages",
    "pk": 420,
    "fields": {
      "language_names": "Watyi"
    }
  },
  {
    "model": "MainApp.languages",
    "pk": 421,
    "fields": {
      "language_names": "Kuy"
    }
  },
  {
    "model": "MainApp.languages",
    "pk": 422,
    "fields": {
      "language_names": "Tokelau"
    }
  },
  {
    "model": "MainApp.languages",
    "pk": 423,
    "fields": {
      "language_names": "Arabic-French"
    }
  },
  {
    "model": "MainApp.languages",
    "pk": 424,
    "fields": {
      "language_names": "Arabic-French-English"
    }
  },
  {
    "model": "MainApp.languages",
    "pk": 425,
    "fields": {
      "language_names": "Ami"
    }
  },
  {
    "model": "MainApp.languages",
    "pk": 426,
    "fields": {
      "language_names": "Atayal"
    }
  },
  {
    "model": "MainApp.languages",
    "pk": 427,
    "fields": {
      "language_names": "Min"
    }
  },
  {
    "model": "MainApp.languages",
    "pk": 428,
    "fields": {
      "language_names": "Paiwan"
    }
  },
  {
    "model": "MainApp.languages",
    "pk": 429,
    "fields": {
      "language_names": "Chaga and Pare"
    }
  },
  {
    "model": "MainApp.languages",
    "pk": 430,
    "fields": {
      "language_names": "Sambaa"
    }
  },
  {
    "model": "MainApp.languages",
    "pk": 431,
    "fields": {
      "language_names": "Bondei"
    }
  },
  {
    "model": "MainApp.languages",
    "pk": 432,
    "fields": {
      "language_names": "Digo"
    }
  },
  {
    "model": "MainApp.languages",
    "pk": 433,
    "fields": {
      "language_names": "Gogo"
    }
  },
  {
    "model": "MainApp.languages",
    "pk": 434,
    "fields": {
      "language_names": "Ha"
    }
  },
  {
    "model": "MainApp.languages",
    "pk": 435,
    "fields": {
      "language_names": "Haya"
    }
  },
  {
    "model": "MainApp.languages",
    "pk": 436,
    "fields": {
      "language_names": "Hehet"
    }
  },
  {
    "model": "MainApp.languages",
    "pk": 437,
    "fields": {
      "language_names": "Luguru"
    }
  },
  {
    "model": "MainApp.languages",
    "pk": 438,
    "fields": {
      "language_names": "Makonde"
    }
  },
  {
    "model": "MainApp.languages",
    "pk": 439,
    "fields": {
      "language_names": "Nyakusa"
    }
  },
  {
    "model": "MainApp.languages",
    "pk": 440,
    "fields": {
      "language_names": "Nyamwezi"
    }
  },
  {
    "model": "MainApp.languages",
    "pk": 441,
    "fields": {
      "language_names": "Shambala"
    }
  },
  {
    "model": "MainApp.languages",
    "pk": 442,
    "fields": {
      "language_names": "Acholi"
    }
  },
  {
    "model": "MainApp.languages",
    "pk": 443,
    "fields": {
      "language_names": "Ganda"
    }
  },
  {
    "model": "MainApp.languages",
    "pk": 444,
    "fields": {
      "language_names": "Gisu"
    }
  },
  {
    "model": "MainApp.languages",
    "pk": 445,
    "fields": {
      "language_names": "Kiga"
    }
  },
  {
    "model": "MainApp.languages",
    "pk": 446,
    "fields": {
      "language_names": "Lango"
    }
  },
  {
    "model": "MainApp.languages",
    "pk": 447,
    "fields": {
      "language_names": "Lugbara"
    }
  },
  {
    "model": "MainApp.languages",
    "pk": 448,
    "fields": {
      "language_names": "Nkole"
    }
  },
  {
    "model": "MainApp.languages",
    "pk": 449,
    "fields": {
      "language_names": "Soga"
    }
  },
  {
    "model": "MainApp.languages",
    "pk": 450,
    "fields": {
      "language_names": "Teso"
    }
  },
  {
    "model": "MainApp.languages",
    "pk": 451,
    "fields": {
      "language_names": "Tagalog"
    }
  },
  {
    "model": "MainApp.languages",
    "pk": 452,
    "fields": {
      "language_names": "Karakalpak"
    }
  },
  {
    "model": "MainApp.languages",
    "pk": 453,
    "fields": {
      "language_names": "Goajiro"
    }
  },
  {
    "model": "MainApp.languages",
    "pk": 454,
    "fields": {
      "language_names": "Warrau"
    }
  },
  {
    "model": "MainApp.languages",
    "pk": 455,
    "fields": {
      "language_names": "Man"
    }
  },
  {
    "model": "MainApp.languages",
    "pk": 456,
    "fields": {
      "language_names": "Muong"
    }
  },
  {
    "model": "MainApp.languages",
    "pk": 457,
    "fields": {
      "language_names": "Nung"
    }
  },
  {
    "model": "MainApp.languages",
    "pk": 458,
    "fields": {
      "language_names": "Tho"
    }
  },
  {
    "model": "MainApp.languages",
    "pk": 459,
    "fields": {
      "language_names": "Bislama"
    }
  },
  {
    "model": "MainApp.languages",
    "pk": 460,
    "fields": {
      "language_names": "Futuna"
    }
  },
  {
    "model": "MainApp.languages",
    "pk": 461,
    "fields": {
      "language_names": "Wallis"
    }
  },
  {
    "model": "MainApp.languages",
    "pk": 462,
    "fields": {
      "language_names": "Samoan-English"
    }
  },
  {
    "model": "MainApp.languages",
    "pk": 463,
    "fields": {
      "language_names": "Soqutri"
    }
  },
  {
    "model": "MainApp.languages",
    "pk": 464,
    "fields": {
      "language_names": "Northsotho"
    }
  },
  {
    "model": "MainApp.languages",
    "pk": 465,
    "fields": {
      "language_names": "Southsotho"
    }
  },
  {
    "model": "MainApp.languages",
    "pk": 466,
    "fields": {
      "language_names": "Venda"
    }
  },
  {
    "model": "MainApp.languages",
    "pk": 467,
    "fields": {
      "language_names": "Xhosa"
    }
  },
  {
    "model": "MainApp.languages",
    "pk": 468,
    "fields": {
      "language_names": "Bemba"
    }
  },
  {
    "model": "MainApp.languages",
    "pk": 469,
    "fields": {
      "language_names": "Chewa"
    }
  },
  {
    "model": "MainApp.languages",
    "pk": 470,
    "fields": {
      "language_names": "Lozi"
    }
  },
  {
    "model": "MainApp.languages",
    "pk": 471,
    "fields": {
      "language_names": "Nsenga"
    }
  },
  {
    "model": "MainApp.country",
    "pk": 1,
    "fields": {
      "country": "Aruba",
      "language": [
        1,
        2,
        3,
        4
      ]
    }
  },
  {
    "model": "MainApp.country",
    "pk": 2,
    "fields": {
      "country": "Afghanistan",
      "language": [
        5,
        6,
        7,
        8,
        9
      ]
    }
  },
  {
    "model": "MainApp.country",
    "pk": 3,
    "fields": {
      "country": "Angola",
      "language": [
        10,
        11,
        12,
        13,
        14,
        15,
        16,
        17,
        18
      ]
    }
  },
  {
    "model": "MainApp.country",
    "pk": 4,
    "fields": {
      "country": "Anguilla",
      "language": [
        2
      ]
    }
  },
  {
    "model": "MainApp.country",
    "pk": 5,
    "fields": {
      "country": "Albania",
      "language": [
        19,
        20,
        21
      ]
    }
  },
  {
    "model": "MainApp.country",
    "pk": 6,
    "fields": {
      "country": "Andorra",
      "language": [
        4,
        22,
        23,
        24
      ]
    }
  },
  {
    "model": "MainApp.country",
    "pk": 7,
    "fields": {
      "country": "Netherlands Antilles",
      "language": [
        1,
        2,
        3
      ]
    }
  },
  {
    "model": "MainApp.country",
    "pk": 8,
    "fields": {
      "country": "United Arab Emirates",
      "language": [
        25,
        26
      ]
    }
  },
  {
    "model": "MainApp.country",
    "pk": 9,
    "fields": {
      "country": "Argentina",
      "language": [
        4,
        27,
        28
      ]
    }
  },
  {
    "model": "MainApp.country",
    "pk": 10,
    "fields": {
      "country": "Armenia",
      "language": [
        29,
        30
      ]
    }
  },
  {
    "model": "MainApp.country",
    "pk": 11,
    "fields": {
      "country": "American Samoa",
      "language": [
        2,
        31,
        32
      ]
    }
  },
  {
    "model": "MainApp.country",
    "pk": 12,
    "fields": {
      "country": "Antigua and Barbuda",
      "language": [
        2,
        33
      ]
    }
  },
  {
    "model": "MainApp.country",
    "pk": 13,
    "fields": {
      "country": "Australia",
      "language": [
        2,
        20,
        25,
        28,
        34,
        35,
        36,
        37
      ]
    }
  },
  {
    "model": "MainApp.country",
    "pk": 14,
    "fields": {
      "country": "Austria",
      "language": [
        35,
        36,
        38,
        39,
        40,
        41,
        42,
        43
      ]
    }
  },
  {
    "model": "MainApp.country",
    "pk": 15,
    "fields": {
      "country": "Azerbaijan",
      "language": [
        29,
        30,
        44,
        45
      ]
    }
  },
  {
    "model": "MainApp.country",
    "pk": 16,
    "fields": {
      "country": "Burundi",
      "language": [
        23,
        46,
        47
      ]
    }
  },
  {
    "model": "MainApp.country",
    "pk": 17,
    "fields": {
      "country": "Belgium",
      "language": [
        1,
        23,
        25,
        28,
        35,
        43
      ]
    }
  },
  {
    "model": "MainApp.country",
    "pk": 18,
    "fields": {
      "country": "Benin",
      "language": [
        48,
        49,
        50,
        51,
        52,
        53,
        54
      ]
    }
  },
  {
    "model": "MainApp.country",
    "pk": 19,
    "fields": {
      "country": "Burkina Faso",
      "language": [
        52,
        55,
        56,
        57,
        58,
        59
      ]
    }
  },
  {
    "model": "MainApp.country",
    "pk": 20,
    "fields": {
      "country": "Bangladesh",
      "language": [
        60,
        61,
        62,
        63,
        64,
        65,
        66
      ]
    }
  },
  {
    "model": "MainApp.country",
    "pk": 21,
    "fields": {
      "country": "Bulgaria",
      "language": [
        21,
        43,
        67,
        68
      ]
    }
  },
  {
    "model": "MainApp.country",
    "pk": 22,
    "fields": {
      "country": "Bahrain",
      "language": [
        2,
        25
      ]
    }
  },
  {
    "model": "MainApp.country",
    "pk": 23,
    "fields": {
      "country": "Bahamas",
      "language": [
        33,
        69
      ]
    }
  },
  {
    "model": "MainApp.country",
    "pk": 24,
    "fields": {
      "country": "Bosnia and Herzegovina",
      "language": [
        70
      ]
    }
  },
  {
    "model": "MainApp.country",
    "pk": 25,
    "fields": {
      "country": "Belarus",
      "language": [
        40,
        45,
        71,
        72
      ]
    }
  },
  {
    "model": "MainApp.country",
    "pk": 26,
    "fields": {
      "country": "Belize",
      "language": [
        2,
        4,
        73,
        74
      ]
    }
  },
  {
    "model": "MainApp.country",
    "pk": 27,
    "fields": {
      "country": "Bermuda",
      "language": [
        2
      ]
    }
  },
  {
    "model": "MainApp.country",
    "pk": 28,
    "fields": {
      "country": "Bolivia",
      "language": [
        4,
        75,
        76,
        77
      ]
    }
  },
  {
    "model": "MainApp.country",
    "pk": 29,
    "fields": {
      "country": "Brazil",
      "language": [
        24,
        27,
        28,
        35,
        78
      ]
    }
  },
  {
    "model": "MainApp.country",
    "pk": 30,
    "fields": {
      "country": "Barbados",
      "language": [
        2,
        79
      ]
    }
  },
  {
    "model": "MainApp.country",
    "pk": 31,
    "fields": {
      "country": "Brunei",
      "language": [
        2,
        80,
        81,
        82
      ]
    }
  },
  {
    "model": "MainApp.country",
    "pk": 32,
    "fields": {
      "country": "Bhutan",
      "language": [
        83,
        84,
        85
      ]
    }
  },
  {
    "model": "MainApp.country",
    "pk": 33,
    "fields": {
      "country": "Botswana",
      "language": [
        86,
        87,
        88,
        89,
        90
      ]
    }
  },
  {
    "model": "MainApp.country",
    "pk": 34,
    "fields": {
      "country": "Central African Republic",
      "language": [
        91,
        92,
        93,
        94,
        95,
        96
      ]
    }
  },
  {
    "model": "MainApp.country",
    "pk": 35,
    "fields": {
      "country": "Canada",
      "language": [
        1,
        2,
        4,
        23,
        24,
        28,
        35,
        40,
        72,
        80,
        97,
        98
      ]
    }
  },
  {
    "model": "MainApp.country",
    "pk": 36,
    "fields": {
      "country": "Cocos (Keeling) Islands",
      "language": [
        2,
        81
      ]
    }
  },
  {
    "model": "MainApp.country",
    "pk": 37,
    "fields": {
      "country": "Switzerland",
      "language": [
        23,
        28,
        35,
        99
      ]
    }
  },
  {
    "model": "MainApp.country",
    "pk": 38,
    "fields": {
      "country": "Chile",
      "language": [
        4,
        75,
        100,
        101
      ]
    }
  },
  {
    "model": "MainApp.country",
    "pk": 39,
    "fields": {
      "country": "China",
      "language": [
        80,
        102,
        103,
        104,
        105,
        106,
        107,
        108,
        109,
        110,
        111,
        112
      ]
    }
  },
  {
    "model": "MainApp.country",
    "pk": 40,
    "fields": {
      "country": "Ivory Coast",
      "language": [
        113,
        114,
        115,
        116,
        117
      ]
    }
  },
  {
    "model": "MainApp.country",
    "pk": 41,
    "fields": {
      "country": "Cameroon",
      "language": [
        52,
        118,
        119,
        120,
        121,
        122,
        123,
        124
      ]
    }
  },
  {
    "model": "MainApp.country",
    "pk": 42,
    "fields": {
      "country": "Congo, The Democratic Republic of the",
      "language": [
        47,
        125,
        126,
        127
      ]
    }
  },
  {
    "model": "MainApp.country",
    "pk": 43,
    "fields": {
      "country": "Congo",
      "language": [
        12,
        128,
        129,
        130,
        131,
        132
      ]
    }
  },
  {
    "model": "MainApp.country",
    "pk": 44,
    "fields": {
      "country": "Cook Islands",
      "language": [
        2,
        133
      ]
    }
  },
  {
    "model": "MainApp.country",
    "pk": 45,
    "fields": {
      "country": "Colombia",
      "language": [
        4,
        33,
        134,
        135,
        136
      ]
    }
  },
  {
    "model": "MainApp.country",
    "pk": 46,
    "fields": {
      "country": "Comoros",
      "language": [
        137,
        138,
        139,
        140,
        141
      ]
    }
  },
  {
    "model": "MainApp.country",
    "pk": 47,
    "fields": {
      "country": "Cape Verde",
      "language": [
        24,
        142
      ]
    }
  },
  {
    "model": "MainApp.country",
    "pk": 48,
    "fields": {
      "country": "Costa Rica",
      "language": [
        4,
        33,
        80,
        136
      ]
    }
  },
  {
    "model": "MainApp.country",
    "pk": 49,
    "fields": {
      "country": "Cuba",
      "language": [
        4
      ]
    }
  },
  {
    "model": "MainApp.country",
    "pk": 50,
    "fields": {
      "country": "Christmas Island",
      "language": [
        2,
        80
      ]
    }
  },
  {
    "model": "MainApp.country",
    "pk": 51,
    "fields": {
      "country": "Cayman Islands",
      "language": [
        2
      ]
    }
  },
  {
    "model": "MainApp.country",
    "pk": 52,
    "fields": {
      "country": "Cyprus",
      "language": [
        20,
        43
      ]
    }
  },
  {
    "model": "MainApp.country",
    "pk": 53,
    "fields": {
      "country": "Czech Republic",
      "language": [
        35,
        38,
        39,
        40,
        68,
        143,
        144,
        145
      ]
    }
  },
  {
    "model": "MainApp.country",
    "pk": 54,
    "fields": {
      "country": "Germany",
      "language": [
        20,
        28,
        35,
        40,
        43,
        146
      ]
    }
  },
  {
    "model": "MainApp.country",
    "pk": 55,
    "fields": {
      "country": "Djibouti",
      "language": [
        25,
        147,
        148
      ]
    }
  },
  {
    "model": "MainApp.country",
    "pk": 56,
    "fields": {
      "country": "Dominica",
      "language": [
        33,
        69
      ]
    }
  },
  {
    "model": "MainApp.country",
    "pk": 57,
    "fields": {
      "country": "Denmark",
      "language": [
        2,
        25,
        35,
        43,
        149,
        150,
        151
      ]
    }
  },
  {
    "model": "MainApp.country",
    "pk": 58,
    "fields": {
      "country": "Dominican Republic",
      "language": [
        4,
        69
      ]
    }
  },
  {
    "model": "MainApp.country",
    "pk": 59,
    "fields": {
      "country": "Algeria",
      "language": [
        25,
        152
      ]
    }
  },
  {
    "model": "MainApp.country",
    "pk": 60,
    "fields": {
      "country": "Ecuador",
      "language": [
        4,
        77
      ]
    }
  },
  {
    "model": "MainApp.country",
    "pk": 61,
    "fields": {
      "country": "Egypt",
      "language": [
        25,
        153
      ]
    }
  },
  {
    "model": "MainApp.country",
    "pk": 62,
    "fields": {
      "country": "Eritrea",
      "language": [
        147,
        154,
        155,
        156,
        157,
        158
      ]
    }
  },
  {
    "model": "MainApp.country",
    "pk": 63,
    "fields": {
      "country": "Western Sahara",
      "language": [
        25
      ]
    }
  },
  {
    "model": "MainApp.country",
    "pk": 64,
    "fields": {
      "country": "Spain",
      "language": [
        4,
        22,
        159,
        160
      ]
    }
  },
  {
    "model": "MainApp.country",
    "pk": 65,
    "fields": {
      "country": "Estonia",
      "language": [
        45,
        71,
        72,
        161,
        162
      ]
    }
  },
  {
    "model": "MainApp.country",
    "pk": 66,
    "fields": {
      "country": "Ethiopia",
      "language": [
        148,
        158,
        163,
        164,
        165,
        166,
        167
      ]
    }
  },
  {
    "model": "MainApp.country",
    "pk": 67,
    "fields": {
      "country": "Finland",
      "language": [
        45,
        151,
        161,
        162,
        168
      ]
    }
  },
  {
    "model": "MainApp.country",
    "pk": 68,
    "fields": {
      "country": "Fiji Islands",
      "language": [
        26,
        169
      ]
    }
  },
  {
    "model": "MainApp.country",
    "pk": 69,
    "fields": {
      "country": "Falkland Islands",
      "language": [
        2
      ]
    }
  },
  {
    "model": "MainApp.country",
    "pk": 70,
    "fields": {
      "country": "France",
      "language": [
        4,
        23,
        24,
        25,
        28,
        43
      ]
    }
  },
  {
    "model": "MainApp.country",
    "pk": 71,
    "fields": {
      "country": "Faroe Islands",
      "language": [
        149,
        170
      ]
    }
  },
  {
    "model": "MainApp.country",
    "pk": 72,
    "fields": {
      "country": "Micronesia, Federated States of",
      "language": [
        171,
        172,
        173,
        174,
        175,
        176
      ]
    }
  },
  {
    "model": "MainApp.country",
    "pk": 73,
    "fields": {
      "country": "Gabon",
      "language": [
        120,
        128,
        177,
        178
      ]
    }
  },
  {
    "model": "MainApp.country",
    "pk": 74,
    "fields": {
      "country": "United Kingdom",
      "language": [
        2,
        179,
        180
      ]
    }
  },
  {
    "model": "MainApp.country",
    "pk": 75,
    "fields": {
      "country": "Georgia",
      "language": [
        29,
        30,
        45,
        181,
        182,
        183
      ]
    }
  },
  {
    "model": "MainApp.country",
    "pk": 76,
    "fields": {
      "country": "Ghana",
      "language": [
        53,
        58,
        59,
        113,
        184,
        185
      ]
    }
  },
  {
    "model": "MainApp.country",
    "pk": 77,
    "fields": {
      "country": "Gibraltar",
      "language": [
        2,
        25
      ]
    }
  },
  {
    "model": "MainApp.country",
    "pk": 78,
    "fields": {
      "country": "Guinea",
      "language": [
        52,
        116,
        186,
        187,
        188,
        189,
        190
      ]
    }
  },
  {
    "model": "MainApp.country",
    "pk": 79,
    "fields": {
      "country": "Guadeloupe",
      "language": [
        23,
        69
      ]
    }
  },
  {
    "model": "MainApp.country",
    "pk": 80,
    "fields": {
      "country": "Gambia",
      "language": [
        52,
        116,
        191,
        192,
        193
      ]
    }
  },
  {
    "model": "MainApp.country",
    "pk": 81,
    "fields": {
      "country": "Guinea-Bissau",
      "language": [
        24,
        52,
        116,
        142,
        194,
        195
      ]
    }
  },
  {
    "model": "MainApp.country",
    "pk": 82,
    "fields": {
      "country": "Equatorial Guinea",
      "language": [
        120,
        196
      ]
    }
  },
  {
    "model": "MainApp.country",
    "pk": 83,
    "fields": {
      "country": "Greece",
      "language": [
        20,
        43
      ]
    }
  },
  {
    "model": "MainApp.country",
    "pk": 84,
    "fields": {
      "country": "Grenada",
      "language": [
        33
      ]
    }
  },
  {
    "model": "MainApp.country",
    "pk": 85,
    "fields": {
      "country": "Greenland",
      "language": [
        149,
        197
      ]
    }
  },
  {
    "model": "MainApp.country",
    "pk": 86,
    "fields": {
      "country": "Guatemala",
      "language": [
        4,
        198,
        199,
        200,
        201
      ]
    }
  },
  {
    "model": "MainApp.country",
    "pk": 87,
    "fields": {
      "country": "French Guiana",
      "language": [
        27,
        69
      ]
    }
  },
  {
    "model": "MainApp.country",
    "pk": 88,
    "fields": {
      "country": "Guam",
      "language": [
        2,
        78,
        202,
        203,
        204
      ]
    }
  },
  {
    "model": "MainApp.country",
    "pk": 89,
    "fields": {
      "country": "Guyana",
      "language": [
        33,
        134,
        135
      ]
    }
  },
  {
    "model": "MainApp.country",
    "pk": 90,
    "fields": {
      "country": "Hong Kong",
      "language": [
        2,
        34,
        205,
        206,
        207
      ]
    }
  },
  {
    "model": "MainApp.country",
    "pk": 91,
    "fields": {
      "country": "Honduras",
      "language": [
        4,
        33,
        73,
        208
      ]
    }
  },
  {
    "model": "MainApp.country",
    "pk": 92,
    "fields": {
      "country": "Croatia",
      "language": [
        36,
        42
      ]
    }
  },
  {
    "model": "MainApp.country",
    "pk": 93,
    "fields": {
      "country": "Haiti",
      "language": [
        23,
        209
      ]
    }
  },
  {
    "model": "MainApp.country",
    "pk": 94,
    "fields": {
      "country": "Hungary",
      "language": [
        35,
        36,
        39,
        41,
        68,
        145
      ]
    }
  },
  {
    "model": "MainApp.country",
    "pk": 95,
    "fields": {
      "country": "Indonesia",
      "language": [
        81,
        210,
        211,
        212,
        213,
        214,
        215,
        216,
        217,
        218
      ]
    }
  },
  {
    "model": "MainApp.country",
    "pk": 96,
    "fields": {
      "country": "India",
      "language": [
        2,
        26,
        60,
        83,
        85,
        98,
        219,
        220,
        221,
        222,
        223,
        224,
        225,
        226,
        227,
        228,
        229,
        230,
        231,
        232,
        233
      ]
    }
  },
  {
    "model": "MainApp.country",
    "pk": 97,
    "fields": {
      "country": "Ireland",
      "language": [
        2,
        234
      ]
    }
  },
  {
    "model": "MainApp.country",
    "pk": 98,
    "fields": {
      "country": "Iran",
      "language": [
        5,
        8,
        25,
        30,
        235,
        236,
        237,
        238,
        239,
        240
      ]
    }
  },
  {
    "model": "MainApp.country",
    "pk": 99,
    "fields": {
      "country": "Iraq",
      "language": [
        25,
        30,
        237,
        240,
        241
      ]
    }
  },
  {
    "model": "MainApp.country",
    "pk": 100,
    "fields": {
      "country": "Iceland",
      "language": [
        2,
        242
      ]
    }
  },
  {
    "model": "MainApp.country",
    "pk": 101,
    "fields": {
      "country": "Israel",
      "language": [
        25,
        45,
        243
      ]
    }
  },
  {
    "model": "MainApp.country",
    "pk": 102,
    "fields": {
      "country": "Italy",
      "language": [
        19,
        23,
        28,
        35,
        42,
        68,
        244,
        245
      ]
    }
  },
  {
    "model": "MainApp.country",
    "pk": 103,
    "fields": {
      "country": "Jamaica",
      "language": [
        26,
        33
      ]
    }
  },
  {
    "model": "MainApp.country",
    "pk": 104,
    "fields": {
      "country": "Jordan",
      "language": [
        25,
        29,
        246
      ]
    }
  },
  {
    "model": "MainApp.country",
    "pk": 105,
    "fields": {
      "country": "Japan",
      "language": [
        2,
        78,
        80,
        203,
        204,
        247
      ]
    }
  },
  {
    "model": "MainApp.country",
    "pk": 106,
    "fields": {
      "country": "Kazakhstan",
      "language": [
        9,
        35,
        45,
        72,
        248,
        249
      ]
    }
  },
  {
    "model": "MainApp.country",
    "pk": 107,
    "fields": {
      "country": "Kenya",
      "language": [
        250,
        251,
        252,
        253,
        254,
        255,
        256,
        257,
        258,
        259
      ]
    }
  },
  {
    "model": "MainApp.country",
    "pk": 108,
    "fields": {
      "country": "Kyrgyzstan",
      "language": [
        9,
        45,
        72,
        248,
        249,
        260,
        261
      ]
    }
  },
  {
    "model": "MainApp.country",
    "pk": 109,
    "fields": {
      "country": "Cambodia",
      "language": [
        37,
        80,
        262,
        263
      ]
    }
  },
  {
    "model": "MainApp.country",
    "pk": 110,
    "fields": {
      "country": "Kiribati",
      "language": [
        264,
        265
      ]
    }
  },
  {
    "model": "MainApp.country",
    "pk": 111,
    "fields": {
      "country": "Saint Kitts and Nevis",
      "language": [
        2,
        33
      ]
    }
  },
  {
    "model": "MainApp.country",
    "pk": 112,
    "fields": {
      "country": "South Korea",
      "language": [
        80,
        203
      ]
    }
  },
  {
    "model": "MainApp.country",
    "pk": 113,
    "fields": {
      "country": "Kuwait",
      "language": [
        2,
        25
      ]
    }
  },
  {
    "model": "MainApp.country",
    "pk": 114,
    "fields": {
      "country": "Laos",
      "language": [
        266,
        267,
        268,
        269
      ]
    }
  },
  {
    "model": "MainApp.country",
    "pk": 115,
    "fields": {
      "country": "Lebanon",
      "language": [
        23,
        25,
        29
      ]
    }
  },
  {
    "model": "MainApp.country",
    "pk": 116,
    "fields": {
      "country": "Liberia",
      "language": [
        115,
        116,
        187,
        188,
        270,
        271,
        272,
        273
      ]
    }
  },
  {
    "model": "MainApp.country",
    "pk": 117,
    "fields": {
      "country": "Libyan Arab Jamahiriya",
      "language": [
        25,
        152
      ]
    }
  },
  {
    "model": "MainApp.country",
    "pk": 118,
    "fields": {
      "country": "Saint Lucia",
      "language": [
        2,
        69
      ]
    }
  },
  {
    "model": "MainApp.country",
    "pk": 119,
    "fields": {
      "country": "Liechtenstein",
      "language": [
        28,
        35,
        43
      ]
    }
  },
  {
    "model": "MainApp.country",
    "pk": 120,
    "fields": {
      "country": "Sri Lanka",
      "language": [
        224,
        274,
        275
      ]
    }
  },
  {
    "model": "MainApp.country",
    "pk": 121,
    "fields": {
      "country": "Lesotho",
      "language": [
        2,
        276,
        277
      ]
    }
  },
  {
    "model": "MainApp.country",
    "pk": 122,
    "fields": {
      "country": "Lithuania",
      "language": [
        40,
        45,
        71,
        72,
        278
      ]
    }
  },
  {
    "model": "MainApp.country",
    "pk": 123,
    "fields": {
      "country": "Luxembourg",
      "language": [
        23,
        24,
        28,
        35,
        279
      ]
    }
  },
  {
    "model": "MainApp.country",
    "pk": 124,
    "fields": {
      "country": "Latvia",
      "language": [
        40,
        45,
        71,
        72,
        278,
        280
      ]
    }
  },
  {
    "model": "MainApp.country",
    "pk": 125,
    "fields": {
      "country": "Macao",
      "language": [
        2,
        24,
        34,
        281
      ]
    }
  },
  {
    "model": "MainApp.country",
    "pk": 126,
    "fields": {
      "country": "Morocco",
      "language": [
        25,
        152
      ]
    }
  },
  {
    "model": "MainApp.country",
    "pk": 127,
    "fields": {
      "country": "Monaco",
      "language": [
        2,
        23,
        28,
        282
      ]
    }
  },
  {
    "model": "MainApp.country",
    "pk": 128,
    "fields": {
      "country": "Moldova",
      "language": [
        41,
        45,
        67,
        72,
        283
      ]
    }
  },
  {
    "model": "MainApp.country",
    "pk": 129,
    "fields": {
      "country": "Madagascar",
      "language": [
        23,
        284
      ]
    }
  },
  {
    "model": "MainApp.country",
    "pk": 130,
    "fields": {
      "country": "Maldives",
      "language": [
        2,
        285
      ]
    }
  },
  {
    "model": "MainApp.country",
    "pk": 131,
    "fields": {
      "country": "Mexico",
      "language": [
        4,
        286,
        287,
        288,
        289,
        290
      ]
    }
  },
  {
    "model": "MainApp.country",
    "pk": 132,
    "fields": {
      "country": "Marshall Islands",
      "language": [
        2,
        291
      ]
    }
  },
  {
    "model": "MainApp.country",
    "pk": 133,
    "fields": {
      "country": "Macedonia",
      "language": [
        19,
        21,
        36,
        43,
        68
      ]
    }
  },
  {
    "model": "MainApp.country",
    "pk": 134,
    "fields": {
      "country": "Mali",
      "language": [
        52,
        192,
        292,
        293,
        294,
        295
      ]
    }
  },
  {
    "model": "MainApp.country",
    "pk": 135,
    "fields": {
      "country": "Malta",
      "language": [
        2,
        296
      ]
    }
  },
  {
    "model": "MainApp.country",
    "pk": 136,
    "fields": {
      "country": "Myanmar",
      "language": [
        297,
        298,
        299,
        300,
        301,
        302,
        303,
        304
      ]
    }
  },
  {
    "model": "MainApp.country",
    "pk": 137,
    "fields": {
      "country": "Mongolia",
      "language": [
        106,
        248,
        305,
        306,
        307,
        308
      ]
    }
  },
  {
    "model": "MainApp.country",
    "pk": 138,
    "fields": {
      "country": "Northern Mariana Islands",
      "language": [
        2,
        80,
        202,
        203,
        204,
        309
      ]
    }
  },
  {
    "model": "MainApp.country",
    "pk": 139,
    "fields": {
      "country": "Mozambique",
      "language": [
        89,
        310,
        311,
        312,
        313,
        314,
        315,
        316,
        317,
        318
      ]
    }
  },
  {
    "model": "MainApp.country",
    "pk": 140,
    "fields": {
      "country": "Mauritania",
      "language": [
        52,
        192,
        193,
        319,
        320,
        321
      ]
    }
  },
  {
    "model": "MainApp.country",
    "pk": 141,
    "fields": {
      "country": "Montserrat",
      "language": [
        2
      ]
    }
  },
  {
    "model": "MainApp.country",
    "pk": 142,
    "fields": {
      "country": "Martinique",
      "language": [
        23,
        69
      ]
    }
  },
  {
    "model": "MainApp.country",
    "pk": 143,
    "fields": {
      "country": "Mauritius",
      "language": [
        23,
        26,
        69,
        222,
        224,
        322
      ]
    }
  },
  {
    "model": "MainApp.country",
    "pk": 144,
    "fields": {
      "country": "Malawi",
      "language": [
        311,
        323,
        324,
        325
      ]
    }
  },
  {
    "model": "MainApp.country",
    "pk": 145,
    "fields": {
      "country": "Malaysia",
      "language": [
        2,
        80,
        81,
        224,
        326,
        327
      ]
    }
  },
  {
    "model": "MainApp.country",
    "pk": 146,
    "fields": {
      "country": "Mayotte",
      "language": [
        23,
        284,
        328
      ]
    }
  },
  {
    "model": "MainApp.country",
    "pk": 147,
    "fields": {
      "country": "Namibia",
      "language": [
        35,
        88,
        329,
        330,
        331,
        332,
        333,
        334
      ]
    }
  },
  {
    "model": "MainApp.country",
    "pk": 148,
    "fields": {
      "country": "New Caledonia",
      "language": [
        23,
        335,
        336
      ]
    }
  },
  {
    "model": "MainApp.country",
    "pk": 149,
    "fields": {
      "country": "Niger",
      "language": [
        52,
        295,
        337,
        338,
        339
      ]
    }
  },
  {
    "model": "MainApp.country",
    "pk": 150,
    "fields": {
      "country": "Norfolk Island",
      "language": [
        2
      ]
    }
  },
  {
    "model": "MainApp.country",
    "pk": 151,
    "fields": {
      "country": "Nigeria",
      "language": [
        52,
        337,
        338,
        340,
        341,
        342,
        343,
        344,
        345,
        346
      ]
    }
  },
  {
    "model": "MainApp.country",
    "pk": 152,
    "fields": {
      "country": "Nicaragua",
      "language": [
        4,
        33,
        208,
        347
      ]
    }
  },
  {
    "model": "MainApp.country",
    "pk": 153,
    "fields": {
      "country": "Niue",
      "language": [
        2,
        348
      ]
    }
  },
  {
    "model": "MainApp.country",
    "pk": 154,
    "fields": {
      "country": "Netherlands",
      "language": [
        1,
        25,
        43,
        349
      ]
    }
  },
  {
    "model": "MainApp.country",
    "pk": 155,
    "fields": {
      "country": "Norway",
      "language": [
        2,
        149,
        150,
        151,
        168
      ]
    }
  },
  {
    "model": "MainApp.country",
    "pk": 156,
    "fields": {
      "country": "Nepal",
      "language": [
        26,
        85,
        231,
        322,
        350,
        351,
        352
      ]
    }
  },
  {
    "model": "MainApp.country",
    "pk": 157,
    "fields": {
      "country": "Nauru",
      "language": [
        2,
        80,
        264,
        265,
        353
      ]
    }
  },
  {
    "model": "MainApp.country",
    "pk": 158,
    "fields": {
      "country": "New Zealand",
      "language": [
        2,
        133
      ]
    }
  },
  {
    "model": "MainApp.country",
    "pk": 159,
    "fields": {
      "country": "Oman",
      "language": [
        5,
        25
      ]
    }
  },
  {
    "model": "MainApp.country",
    "pk": 160,
    "fields": {
      "country": "Pakistan",
      "language": [
        5,
        7,
        98,
        226,
        233,
        354,
        355,
        356
      ]
    }
  },
  {
    "model": "MainApp.country",
    "pk": 161,
    "fields": {
      "country": "Panama",
      "language": [
        4,
        25,
        33,
        357,
        358,
        359
      ]
    }
  },
  {
    "model": "MainApp.country",
    "pk": 162,
    "fields": {
      "country": "Pitcairn",
      "language": [
        360
      ]
    }
  },
  {
    "model": "MainApp.country",
    "pk": 163,
    "fields": {
      "country": "Peru",
      "language": [
        4,
        75,
        77
      ]
    }
  },
  {
    "model": "MainApp.country",
    "pk": 164,
    "fields": {
      "country": "Philippines",
      "language": [
        361,
        362,
        363,
        364,
        365,
        366,
        367,
        368,
        369,
        370
      ]
    }
  },
  {
    "model": "MainApp.country",
    "pk": 165,
    "fields": {
      "country": "Palau",
      "language": [
        2,
        80,
        204,
        371
      ]
    }
  },
  {
    "model": "MainApp.country",
    "pk": 166,
    "fields": {
      "country": "Papua New Guinea",
      "language": [
        335,
        372
      ]
    }
  },
  {
    "model": "MainApp.country",
    "pk": 167,
    "fields": {
      "country": "Poland",
      "language": [
        35,
        40,
        71,
        72
      ]
    }
  },
  {
    "model": "MainApp.country",
    "pk": 168,
    "fields": {
      "country": "Puerto Rico",
      "language": [
        2,
        4
      ]
    }
  },
  {
    "model": "MainApp.country",
    "pk": 169,
    "fields": {
      "country": "North Korea",
      "language": [
        80,
        203
      ]
    }
  },
  {
    "model": "MainApp.country",
    "pk": 170,
    "fields": {
      "country": "Portugal",
      "language": [
        24
      ]
    }
  },
  {
    "model": "MainApp.country",
    "pk": 171,
    "fields": {
      "country": "Paraguay",
      "language": [
        4,
        24,
        35,
        76
      ]
    }
  },
  {
    "model": "MainApp.country",
    "pk": 172,
    "fields": {
      "country": "Palestine",
      "language": [
        25,
        243
      ]
    }
  },
  {
    "model": "MainApp.country",
    "pk": 173,
    "fields": {
      "country": "French Polynesia",
      "language": [
        23,
        80,
        373
      ]
    }
  },
  {
    "model": "MainApp.country",
    "pk": 174,
    "fields": {
      "country": "Qatar",
      "language": [
        25,
        226
      ]
    }
  },
  {
    "model": "MainApp.country",
    "pk": 175,
    "fields": {
      "country": "Reunion",
      "language": [
        69,
        80,
        137,
        224,
        284
      ]
    }
  },
  {
    "model": "MainApp.country",
    "pk": 176,
    "fields": {
      "country": "Romania",
      "language": [
        35,
        36,
        39,
        41,
        68,
        72
      ]
    }
  },
  {
    "model": "MainApp.country",
    "pk": 177,
    "fields": {
      "country": "Russian Federation",
      "language": [
        45,
        71,
        72,
        248,
        249,
        374,
        375,
        376,
        377,
        378,
        379,
        380
      ]
    }
  },
  {
    "model": "MainApp.country",
    "pk": 178,
    "fields": {
      "country": "Rwanda",
      "language": [
        23,
        381
      ]
    }
  },
  {
    "model": "MainApp.country",
    "pk": 179,
    "fields": {
      "country": "Saudi Arabia",
      "language": [
        25
      ]
    }
  },
  {
    "model": "MainApp.country",
    "pk": 180,
    "fields": {
      "country": "Sudan",
      "language": [
        25,
        382,
        383,
        384,
        385,
        386,
        387,
        388,
        389,
        390
      ]
    }
  },
  {
    "model": "MainApp.country",
    "pk": 181,
    "fields": {
      "country": "Senegal",
      "language": [
        52,
        116,
        191,
        192,
        193,
        391
      ]
    }
  },
  {
    "model": "MainApp.country",
    "pk": 182,
    "fields": {
      "country": "Serbia",
      "language": [
        2,
        39,
        41,
        145,
        392,
        393,
        394,
        395,
        396
      ]
    }
  },
  {
    "model": "MainApp.country",
    "pk": 183,
    "fields": {
      "country": "Singapore",
      "language": [
        80,
        81,
        224
      ]
    }
  },
  {
    "model": "MainApp.country",
    "pk": 184,
    "fields": {
      "country": "Saint Helena",
      "language": [
        2
      ]
    }
  },
  {
    "model": "MainApp.country",
    "pk": 185,
    "fields": {
      "country": "Svalbard and Jan Mayen",
      "language": [
        45,
        150
      ]
    }
  },
  {
    "model": "MainApp.country",
    "pk": 186,
    "fields": {
      "country": "Solomon Islands",
      "language": [
        335,
        336,
        372
      ]
    }
  },
  {
    "model": "MainApp.country",
    "pk": 187,
    "fields": {
      "country": "Sierra Leone",
      "language": [
        52,
        190,
        397,
        398,
        399,
        400,
        401,
        402
      ]
    }
  },
  {
    "model": "MainApp.country",
    "pk": 188,
    "fields": {
      "country": "El Salvador",
      "language": [
        4,
        403
      ]
    }
  },
  {
    "model": "MainApp.country",
    "pk": 189,
    "fields": {
      "country": "San Marino",
      "language": [
        28
      ]
    }
  },
  {
    "model": "MainApp.country",
    "pk": 190,
    "fields": {
      "country": "Somalia",
      "language": [
        25,
        148
      ]
    }
  },
  {
    "model": "MainApp.country",
    "pk": 191,
    "fields": {
      "country": "Saint Pierre and Miquelon",
      "language": [
        23
      ]
    }
  },
  {
    "model": "MainApp.country",
    "pk": 192,
    "fields": {
      "country": "Sao Tome and Principe",
      "language": [
        23,
        142
      ]
    }
  },
  {
    "model": "MainApp.country",
    "pk": 193,
    "fields": {
      "country": "Suriname",
      "language": [
        26,
        404
      ]
    }
  },
  {
    "model": "MainApp.country",
    "pk": 194,
    "fields": {
      "country": "Slovakia",
      "language": [
        39,
        68,
        145,
        405,
        406
      ]
    }
  },
  {
    "model": "MainApp.country",
    "pk": 195,
    "fields": {
      "country": "Slovenia",
      "language": [
        36,
        39,
        42
      ]
    }
  },
  {
    "model": "MainApp.country",
    "pk": 196,
    "fields": {
      "country": "Sweden",
      "language": [
        4,
        25,
        146,
        150,
        151,
        162
      ]
    }
  },
  {
    "model": "MainApp.country",
    "pk": 197,
    "fields": {
      "country": "Swaziland",
      "language": [
        277,
        407
      ]
    }
  },
  {
    "model": "MainApp.country",
    "pk": 198,
    "fields": {
      "country": "Seychelles",
      "language": [
        2,
        23,
        408
      ]
    }
  },
  {
    "model": "MainApp.country",
    "pk": 199,
    "fields": {
      "country": "Syria",
      "language": [
        25,
        237
      ]
    }
  },
  {
    "model": "MainApp.country",
    "pk": 200,
    "fields": {
      "country": "Turks and Caicos Islands",
      "language": [
        2
      ]
    }
  },
  {
    "model": "MainApp.country",
    "pk": 201,
    "fields": {
      "country": "Chad",
      "language": [
        25,
        96,
        409,
        410,
        411,
        412,
        413,
        414
      ]
    }
  },
  {
    "model": "MainApp.country",
    "pk": 202,
    "fields": {
      "country": "Togo",
      "language": [
        58,
        184,
        415,
        416,
        417,
        418,
        419,
        420
      ]
    }
  },
  {
    "model": "MainApp.country",
    "pk": 203,
    "fields": {
      "country": "Thailand",
      "language": [
        80,
        81,
        262,
        266,
        269,
        421
      ]
    }
  },
  {
    "model": "MainApp.country",
    "pk": 204,
    "fields": {
      "country": "Tajikistan",
      "language": [
        9,
        45,
        261
      ]
    }
  },
  {
    "model": "MainApp.country",
    "pk": 205,
    "fields": {
      "country": "Tokelau",
      "language": [
        2,
        422
      ]
    }
  },
  {
    "model": "MainApp.country",
    "pk": 206,
    "fields": {
      "country": "Turkmenistan",
      "language": [
        8,
        9,
        45,
        248
      ]
    }
  },
  {
    "model": "MainApp.country",
    "pk": 207,
    "fields": {
      "country": "East Timor",
      "language": [
        24,
        218
      ]
    }
  },
  {
    "model": "MainApp.country",
    "pk": 208,
    "fields": {
      "country": "Tonga",
      "language": [
        2,
        32
      ]
    }
  },
  {
    "model": "MainApp.country",
    "pk": 209,
    "fields": {
      "country": "Trinidad and Tobago",
      "language": [
        2,
        26,
        33
      ]
    }
  },
  {
    "model": "MainApp.country",
    "pk": 210,
    "fields": {
      "country": "Tunisia",
      "language": [
        25,
        423,
        424
      ]
    }
  },
  {
    "model": "MainApp.country",
    "pk": 211,
    "fields": {
      "country": "Turkey",
      "language": [
        25,
        43,
        237
      ]
    }
  },
  {
    "model": "MainApp.country",
    "pk": 212,
    "fields": {
      "country": "Tuvalu",
      "language": [
        2,
        264,
        265
      ]
    }
  },
  {
    "model": "MainApp.country",
    "pk": 213,
    "fields": {
      "country": "Taiwan",
      "language": [
        207,
        281,
        425,
        426,
        427,
        428
      ]
    }
  },
  {
    "model": "MainApp.country",
    "pk": 214,
    "fields": {
      "country": "Tanzania",
      "language": [
        47,
        429,
        430,
        431,
        432,
        433,
        434,
        435,
        436,
        437,
        438,
        439,
        440,
        441
      ]
    }
  },
  {
    "model": "MainApp.country",
    "pk": 215,
    "fields": {
      "country": "Uganda",
      "language": [
        381,
        442,
        443,
        444,
        445,
        446,
        447,
        448,
        449,
        450
      ]
    }
  },
  {
    "model": "MainApp.country",
    "pk": 216,
    "fields": {
      "country": "Ukraine",
      "language": [
        39,
        40,
        41,
        45,
        67,
        71,
        72
      ]
    }
  },
  {
    "model": "MainApp.country",
    "pk": 217,
    "fields": {
      "country": "United States Minor Outlying Islands",
      "language": [
        2
      ]
    }
  },
  {
    "model": "MainApp.country",
    "pk": 218,
    "fields": {
      "country": "Uruguay",
      "language": [
        4
      ]
    }
  },
  {
    "model": "MainApp.country",
    "pk": 219,
    "fields": {
      "country": "United States",
      "language": [
        2,
        4,
        23,
        24,
        28,
        35,
        37,
        40,
        78,
        80,
        203,
        451
      ]
    }
  },
  {
    "model": "MainApp.country",
    "pk": 220,
    "fields": {
      "country": "Uzbekistan",
      "language": [
        9,
        45,
        248,
        249,
        261,
        452
      ]
    }
  },
  {
    "model": "MainApp.country",
    "pk": 221,
    "fields": {
      "country": "Holy See (Vatican City State)",
      "language": [
        28
      ]
    }
  },
  {
    "model": "MainApp.country",
    "pk": 222,
    "fields": {
      "country": "Saint Vincent and the Grenadines",
      "language": [
        2,
        33
      ]
    }
  },
  {
    "model": "MainApp.country",
    "pk": 223,
    "fields": {
      "country": "Venezuela",
      "language": [
        4,
        453,
        454
      ]
    }
  },
  {
    "model": "MainApp.country",
    "pk": 224,
    "fields": {
      "country": "Virgin Islands, British",
      "language": [
        2
      ]
    }
  },
  {
    "model": "MainApp.country",
    "pk": 225,
    "fields": {
      "country": "Virgin Islands, U.S.",
      "language": [
        2,
        4,
        23
      ]
    }
  },
  {
    "model": "MainApp.country",
    "pk": 226,
    "fields": {
      "country": "Vietnam",
      "language": [
        37,
        80,
        105,
        262,
        269,
        455,
        456,
        457,
        458
      ]
    }
  },
  {
    "model": "MainApp.country",
    "pk": 227,
    "fields": {
      "country": "Vanuatu",
      "language": [
        2,
        23,
        459
      ]
    }
  },
  {
    "model": "MainApp.country",
    "pk": 228,
    "fields": {
      "country": "Wallis and Futuna",
      "language": [
        460,
        461
      ]
    }
  },
  {
    "model": "MainApp.country",
    "pk": 229,
    "fields": {
      "country": "Samoa",
      "language": [
        2,
        31,
        462
      ]
    }
  },
  {
    "model": "MainApp.country",
    "pk": 230,
    "fields": {
      "country": "Yemen",
      "language": [
        25,
        463
      ]
    }
  },
  {
    "model": "MainApp.country",
    "pk": 231,
    "fields": {
      "country": "South Africa",
      "language": [
        2,
        87,
        90,
        277,
        317,
        329,
        407,
        464,
        465,
        466,
        467
      ]
    }
  },
  {
    "model": "MainApp.country",
    "pk": 232,
    "fields": {
      "country": "Zambia",
      "language": [
        32,
        314,
        468,
        469,
        470,
        471
      ]
    }
  },
  {
    "model": "MainApp.country",
    "pk": 233,
    "fields": {
      "country": "Zimbabwe",
      "language": [
        2,
        87,
        89,
        314
      ]
    }
  }
]